decision_id,timestamp,recommendation_score,event_sequence,patient_id,consultant_id,survey_id,state
750,2023-01-04 17:25:14.592662,1,982,PAT_0000032,CON_021,inst_00237,responded
865,2023-01-05 22:11:10.554493,2,1100,PAT_0000023,CON_020,inst_00115,responded
1069,2023-01-08 22:28:03.175609,2,1318,PAT_0000051,CON_017,inst_00240,responded
1120,2023-01-09 05:07:07.080765,3,1376,PAT_0000035,CON_012,inst_00127,responded
1396,2023-01-12 21:49:50.825244,3,1669,PAT_0000122,CON_009,inst_00274,responded
1679,2023-01-17 18:45:33.851810,1,1984,PAT_0000015,CON_016,inst_00333,responded
1776,2023-01-18 01:59:45.416763,2,2090,PAT_0000055,CON_009,inst_00323,responded
1938,2023-01-20 03:07:29.904008,3,2258,PAT_0000054,CON_007,inst_00356,responded
1947,2023-01-20 19:32:44.766931,3,2267,PAT_0000080,CON_015,inst_00336,responded
2012,2023-01-21 13:50:46.568055,3,2336,PAT_0000092,CON_004,inst_00307,responded
2039,2023-01-22 15:15:48.136794,2,2370,PAT_0000125,CON_021,inst_00440,responded
2364,2023-01-26 13:28:41.328628,1,2718,PAT_0000150,CON_024,inst_00467,responded
2523,2023-01-29 11:00:40.955978,2,2886,PAT_0000165,CON_015,inst_00518,responded
2526,2023-01-29 07:33:16.446026,1,2889,PAT_0000203,CON_016,inst_00528,responded
2582,2023-01-30 15:12:55.943712,1,2955,PAT_0000131,CON_017,inst_00402,responded
2850,2023-02-02 03:14:32.508309,2,3248,PAT_0000158,CON_007,inst_00589,responded
2869,2023-02-02 07:20:48.820353,1,3268,PAT_0000217,CON_009,inst_00574,responded
2881,2023-02-02 06:40:22.160686,2,3281,PAT_0000228,CON_008,inst_00609,responded
2888,2023-02-02 13:36:38.321599,2,3288,PAT_0000233,CON_006,inst_00597,responded
3207,2023-02-07 18:34:25.470965,1,3636,PAT_0000245,CON_005,inst_00657,responded
3476,2023-02-10 14:50:03.858750,3,3928,PAT_0000213,CON_007,inst_00672,responded
3544,2023-02-11 19:03:20.729223,2,3997,PAT_0000206,CON_006,inst_00625,responded
3741,2023-02-14 14:16:53.829885,2,4206,PAT_0000285,CON_021,inst_00734,responded
3827,2023-02-15 05:03:50.544001,2,4298,PAT_0000281,CON_021,inst_00717,responded
4501,2023-02-22 10:23:59.243152,2,5019,PAT_0000328,CON_001,inst_00880,responded
4594,2023-02-23 05:48:27.130173,2,5115,PAT_0000301,CON_025,inst_00808,responded
4873,2023-02-27 09:49:26.518771,1,5413,PAT_0000350,CON_024,inst_00940,responded
4984,2023-02-28 01:57:00.748684,1,5530,PAT_0000315,CON_009,inst_00935,responded
4995,2023-02-28 15:08:23.232184,1,5541,PAT_0000345,CON_025,inst_00922,responded
5358,2023-03-03 16:23:08.191946,2,5925,PAT_0000304,CON_004,inst_00956,responded
5439,2023-03-05 11:28:24.166047,1,6015,PAT_0000086,CON_002,inst_01005,responded
5557,2023-03-06 21:51:41.089858,3,6143,PAT_0000374,CON_024,inst_00998,responded
5562,2023-03-06 17:50:10.193268,2,6148,PAT_0000381,CON_012,inst_01031,responded
6162,2023-03-10 02:29:15.703444,1,6775,PAT_0000399,CON_018,inst_01065,responded
6246,2023-03-12 23:19:56.981353,2,6866,PAT_0000427,CON_018,inst_01168,responded
6402,2023-03-14 07:58:15.826764,1,7040,PAT_0000011,CON_004,inst_01151,responded
6941,2023-03-18 18:17:59.986597,1,7597,PAT_0000417,CON_005,inst_01243,responded
6985,2023-03-19 18:57:27.449567,1,7645,PAT_0000416,CON_006,inst_01260,responded
7225,2023-03-21 02:58:20.604963,1,7901,PAT_0000425,CON_013,inst_01279,responded
7246,2023-03-21 04:59:11.274938,2,7922,PAT_0000462,CON_019,inst_01317,responded
7514,2023-03-23 21:04:51.695497,1,8201,PAT_0000458,CON_004,inst_01298,responded
7601,2023-03-24 21:56:09.238466,1,8292,PAT_0000135,CON_023,inst_01253,responded
7748,2023-03-26 17:13:13.369183,2,8443,PAT_0000022,CON_021,inst_01198,responded
7968,2023-03-28 23:13:03.751490,2,8674,PAT_0000260,CON_003,inst_01372,responded
8004,2023-03-28 23:30:44.106588,1,8710,PAT_0000481,CON_014,inst_01380,responded
8129,2023-03-29 19:46:27.650805,1,8837,PAT_0000461,CON_007,inst_01408,responded
8241,2023-03-30 07:28:48.419675,2,8957,PAT_0000474,CON_013,inst_01374,responded
8343,2023-03-31 16:31:42.499345,1,9065,PAT_0000210,CON_014,inst_01410,responded
8437,2023-04-01 07:03:43.626774,2,9162,PAT_0000160,CON_020,inst_01419,responded
8441,2023-04-01 22:44:54.744999,2,9166,PAT_0000239,CON_017,inst_01463,responded
8497,2023-04-02 13:53:01.768956,3,9224,PAT_0000229,CON_025,inst_01436,responded
8506,2023-04-02 03:47:11.792848,2,9234,PAT_0000454,CON_006,inst_01465,responded
8509,2023-04-02 18:54:49.092418,3,9237,PAT_0000488,CON_020,inst_01412,responded
9096,2023-04-07 17:20:31.564152,1,9857,PAT_0000175,CON_023,inst_01577,responded
9139,2023-04-07 08:57:07.792420,2,9902,PAT_0000503,CON_021,inst_01507,responded
9342,2023-04-10 10:04:53.987528,2,10122,PAT_0000269,CON_011,inst_01614,responded
9387,2023-04-10 16:01:34.275351,2,10167,PAT_0000512,CON_020,inst_01625,responded
9534,2023-04-11 16:48:39.464567,1,10318,PAT_0000531,CON_009,inst_01627,responded
9610,2023-04-12 23:24:40.392061,3,10405,PAT_0000115,CON_005,inst_01559,responded
10117,2023-04-15 16:08:07.258959,3,10931,PAT_0000309,CON_019,inst_01639,responded
10593,2023-04-18 22:25:02.627762,2,11432,PAT_0000561,CON_025,inst_01708,responded
10751,2023-04-19 19:08:05.117266,1,11599,PAT_0000552,CON_020,inst_01699,responded
11167,2023-04-22 17:26:26.453527,3,12035,PAT_0000336,CON_020,inst_01858,responded
11176,2023-04-22 16:11:40.922244,2,12044,PAT_0000579,CON_019,inst_01793,responded
11693,2023-04-26 14:28:37.991871,1,12602,PAT_0000045,CON_023,inst_01897,responded
12167,2023-04-28 14:54:27.881720,2,13091,PAT_0000592,CON_002,inst_01806,responded
12255,2023-04-29 18:19:35.309500,3,13183,PAT_0000549,CON_017,inst_01862,responded
12257,2023-04-29 15:18:59.924106,4,13185,PAT_0000583,CON_025,inst_02002,responded
12302,2023-04-30 22:27:17.531002,2,13235,PAT_0000575,CON_017,inst_01935,responded
12305,2023-04-30 13:29:22.183048,2,13238,PAT_0000603,CON_008,inst_01917,responded
12435,2023-05-01 16:00:29.946206,1,13376,PAT_0000368,CON_015,inst_01997,responded
12465,2023-05-01 16:41:35.981227,3,13406,PAT_0000591,CON_024,inst_02034,responded
12550,2023-05-02 11:30:39.462953,1,13497,PAT_0000031,CON_007,inst_01874,responded
12654,2023-05-02 22:24:36.351142,2,13604,PAT_0000647,CON_021,inst_02045,responded
12881,2023-05-04 08:24:26.078909,1,13843,PAT_0000176,CON_003,inst_02087,responded
12893,2023-05-04 09:23:10.534605,1,13856,PAT_0000295,CON_005,inst_02055,responded
13131,2023-05-06 14:35:49.897640,1,14103,PAT_0000635,CON_001,inst_02039,responded
13146,2023-05-07 18:56:45.716778,1,14120,PAT_0000143,CON_004,inst_02124,responded
13196,2023-05-08 17:54:23.845827,2,14177,PAT_0000090,CON_009,inst_02164,responded
13504,2023-05-10 14:29:15.465858,3,14492,PAT_0000331,CON_008,inst_02166,responded
13574,2023-05-11 14:12:11.911026,2,14568,PAT_0000005,CON_001,inst_02072,responded
13778,2023-05-12 20:36:51.500791,2,14782,PAT_0000672,CON_014,inst_02169,responded
13825,2023-05-13 05:57:20.271190,2,14830,PAT_0000438,CON_021,inst_02227,responded
13860,2023-05-14 03:10:17.467088,3,14867,PAT_0000643,CON_025,inst_02183,responded
14254,2023-05-17 21:55:15.721557,2,15281,PAT_0000434,CON_009,inst_02287,responded
14430,2023-05-18 19:55:25.427484,3,15464,PAT_0000696,CON_024,inst_02260,responded
14566,2023-05-19 13:13:44.457052,1,15609,PAT_0000655,CON_015,inst_02207,responded
14623,2023-05-20 06:20:29.690597,2,15672,PAT_0000376,CON_009,inst_02303,responded
14679,2023-05-21 19:30:00.484490,2,15733,PAT_0000723,CON_005,inst_02330,responded
14826,2023-05-22 13:02:53.810221,3,15888,PAT_0000721,CON_002,inst_02366,responded
15093,2023-05-24 18:39:32.601207,2,16169,PAT_0000282,CON_020,inst_02360,responded
15272,2023-05-25 21:37:36.589698,3,16354,PAT_0000396,CON_021,inst_02362,responded
15279,2023-05-25 11:53:34.922164,1,16361,PAT_0000429,CON_014,inst_02390,responded
15445,2023-05-26 17:45:27.172829,3,16534,PAT_0000446,CON_022,inst_02487,responded
15734,2023-05-29 08:40:35.496464,3,16842,PAT_0000727,CON_019,inst_02509,responded
16123,2023-05-31 01:16:04.199284,1,17245,PAT_0000782,CON_009,inst_02548,responded
16437,2023-06-02 20:09:40.893450,3,17574,PAT_0000521,CON_010,inst_02604,responded
16550,2023-06-03 20:04:33.963562,1,17692,PAT_0000223,CON_017,inst_02570,responded
16755,2023-06-05 23:34:14.737009,3,17904,PAT_0000765,CON_016,inst_02660,responded
16757,2023-06-05 11:28:01.590819,1,17906,PAT_0000768,CON_009,inst_02681,responded
16940,2023-06-06 20:15:11.015642,1,18104,PAT_0000796,CON_017,inst_02693,responded
17359,2023-06-09 09:45:44.548937,2,18540,PAT_0000067,CON_007,inst_02768,responded
17457,2023-06-09 21:05:22.724611,3,18639,PAT_0000771,CON_022,inst_02692,responded
17529,2023-06-10 12:06:14.047533,1,18716,PAT_0000799,CON_010,inst_02751,responded
17610,2023-06-12 22:05:09.209195,4,18811,PAT_0000182,CON_015,inst_02799,responded
17698,2023-06-12 21:13:38.819209,2,18899,PAT_0000757,CON_020,inst_02608,responded
17880,2023-06-13 11:26:33.346006,2,19087,PAT_0000827,CON_006,inst_02774,responded
18009,2023-06-14 07:48:21.897253,2,19218,PAT_0000540,CON_025,inst_02784,responded
18047,2023-06-14 23:24:31.158698,2,19256,PAT_0000810,CON_018,inst_02787,responded
18189,2023-06-15 12:58:16.885572,2,19406,PAT_0000847,CON_023,inst_02792,responded
18921,2023-06-21 23:55:51.302516,1,20175,PAT_0000391,CON_025,inst_02943,responded
19341,2023-06-23 20:31:32.375473,2,20613,PAT_0000820,CON_009,inst_02844,responded
19433,2023-06-24 23:59:46.519682,1,20712,PAT_0000882,CON_021,inst_02964,responded
19572,2023-06-26 09:57:03.750758,2,20864,PAT_0000413,CON_014,inst_03031,responded
19815,2023-06-27 18:35:04.206060,1,21115,PAT_0000517,CON_020,inst_03081,responded
20195,2023-06-29 05:08:59.614133,1,21507,PAT_0000883,CON_017,inst_03134,responded
20281,2023-06-30 20:36:42.649985,2,21597,PAT_0000398,CON_016,inst_03161,responded
20504,2023-07-02 08:37:43.443082,2,21834,PAT_0000895,CON_015,inst_03135,responded
20506,2023-07-02 09:24:56.409052,2,21836,PAT_0000906,CON_018,inst_03209,responded
20508,2023-07-02 06:33:34.920542,2,21838,PAT_0000915,CON_003,inst_03169,responded
20514,2023-07-02 04:26:57.016737,2,21845,PAT_0000928,CON_025,inst_03105,responded
20569,2023-07-03 13:01:49.689423,2,21904,PAT_0000190,CON_015,inst_03218,responded
20629,2023-07-03 07:51:12.113561,3,21966,PAT_0000649,CON_016,inst_03164,responded
20866,2023-07-04 22:04:15.601943,1,22215,PAT_0000918,CON_015,inst_03235,responded
22543,2023-07-15 18:40:05.944036,2,23963,PAT_0000987,CON_017,inst_03321,responded
22575,2023-07-16 16:26:07.707263,1,23997,PAT_0000445,CON_020,inst_03441,responded
22743,2023-07-17 21:52:43.070325,2,24173,PAT_0000982,CON_006,inst_03482,responded
23142,2023-07-20 16:20:04.729121,2,24588,PAT_0000170,CON_001,inst_03460,responded
23274,2023-07-20 15:36:38.286973,3,24722,PAT_0001029,CON_024,inst_03484,responded
23455,2023-07-22 23:42:03.840875,1,24912,PAT_0000730,CON_005,inst_03421,responded
23458,2023-07-22 16:43:15.873550,3,24915,PAT_0001006,CON_015,inst_03560,responded
23477,2023-07-23 08:58:10.256288,3,24938,PAT_0000043,CON_018,inst_03590,responded
23907,2023-07-26 16:52:06.923768,2,25386,PAT_0000653,CON_025,inst_03598,responded
23926,2023-07-26 19:39:48.628239,3,25405,PAT_0000779,CON_011,inst_03579,responded
24267,2023-07-28 14:06:39.633937,3,25759,PAT_0001037,CON_017,inst_03657,responded
24977,2023-08-03 18:23:26.584109,1,26508,PAT_0001065,CON_007,inst_03757,responded
25054,2023-08-04 14:25:31.065170,1,26588,PAT_0000259,CON_011,inst_03718,responded
25159,2023-08-04 15:48:13.771925,2,26693,PAT_0001091,CON_004,inst_03785,responded
25205,2023-08-05 15:47:07.437281,2,26741,PAT_0000242,CON_015,inst_03802,responded
25538,2023-08-08 07:51:00.999185,2,27093,PAT_0000831,CON_010,inst_03756,responded
25958,2023-08-10 12:43:44.578518,1,27531,PAT_0001108,CON_019,inst_03836,responded
25966,2023-08-10 14:34:51.605272,1,27539,PAT_0001115,CON_019,inst_03866,responded
26065,2023-08-11 12:32:41.196788,1,27645,PAT_0000529,CON_023,inst_03843,responded
26279,2023-08-13 12:23:02.632848,1,27870,PAT_0000752,CON_021,inst_03909,responded
26287,2023-08-13 05:15:13.979331,1,27878,PAT_0000841,CON_020,inst_03937,responded
26558,2023-08-15 10:04:36.001778,2,28164,PAT_0000392,CON_012,inst_03981,responded
26688,2023-08-15 11:18:19.176616,2,28299,PAT_0001149,CON_009,inst_03994,responded
26841,2023-08-16 16:52:46.018791,1,28456,PAT_0001106,CON_022,inst_04036,responded
26852,2023-08-16 11:27:45.275805,2,28467,PAT_0001139,CON_004,inst_03983,responded
26993,2023-08-17 13:00:27.747925,2,28613,PAT_0001145,CON_001,inst_03984,responded
27169,2023-08-18 09:50:25.139157,4,28794,PAT_0001140,CON_006,inst_04074,responded
27230,2023-08-19 23:54:48.356155,2,28861,PAT_0000803,CON_008,inst_04072,responded
28120,2023-08-26 14:19:28.395951,2,29789,PAT_0000894,CON_025,inst_04190,responded
28135,2023-08-26 14:01:11.176446,2,29805,PAT_0001207,CON_007,inst_04213,responded
28169,2023-08-27 21:32:09.531877,2,29844,PAT_0001176,CON_021,inst_04082,responded
28507,2023-08-29 23:59:42.448371,2,30192,PAT_0001208,CON_009,inst_04240,responded
28778,2023-08-31 22:09:56.189142,2,30475,PAT_0000948,CON_008,inst_04094,responded
28922,2023-09-01 17:14:16.059599,3,30627,PAT_0000832,CON_018,inst_04292,responded
29051,2023-09-02 22:33:55.160227,1,30757,PAT_0000856,CON_015,inst_04217,responded
29228,2023-09-04 22:31:04.783634,1,30950,PAT_0001198,CON_025,inst_04180,responded
29239,2023-09-04 09:51:28.595398,1,30961,PAT_0001221,CON_014,inst_04279,responded
29250,2023-09-04 17:21:01.390337,1,30972,PAT_0001237,CON_024,inst_04358,responded
30047,2023-09-10 17:05:56.570277,2,31799,PAT_0000454,CON_022,inst_04369,responded
30067,2023-09-10 08:34:50.320548,1,31820,PAT_0001232,CON_020,inst_04348,responded
30236,2023-09-11 22:34:23.979978,1,31997,PAT_0001262,CON_002,inst_04447,responded
30240,2023-09-11 19:27:12.383138,1,32001,PAT_0001268,CON_005,inst_04485,responded
31052,2023-09-17 13:01:48.171594,2,32846,PAT_0001266,CON_017,inst_04480,responded
31107,2023-09-18 12:59:36.252599,4,32910,PAT_0000238,CON_003,inst_04473,responded
31252,2023-09-18 22:16:51.046787,2,33059,PAT_0001284,CON_004,inst_04526,responded
31396,2023-09-19 17:49:57.748156,2,33207,PAT_0000993,CON_008,inst_04598,responded
31980,2023-09-22 20:01:28.967167,3,33822,PAT_0001035,CON_013,inst_04583,responded
32076,2023-09-23 23:04:32.136897,1,33922,PAT_0000936,CON_002,inst_04536,responded
32095,2023-09-23 21:02:52.828625,2,33942,PAT_0001333,CON_014,inst_04729,responded
32134,2023-09-24 03:42:13.400057,3,33988,PAT_0001326,CON_016,inst_04748,responded
32137,2023-09-24 16:12:49.245389,2,33991,PAT_0001330,CON_016,inst_04726,responded
32201,2023-09-25 19:11:31.480395,2,34057,PAT_0000679,CON_010,inst_04625,responded
32288,2023-09-25 17:06:42.573845,1,34144,PAT_0001251,CON_025,inst_04599,responded
32293,2023-09-25 09:15:36.753902,1,34149,PAT_0001282,CON_017,inst_04677,responded
32450,2023-09-26 10:53:41.367045,1,34309,PAT_0001279,CON_002,inst_04714,responded
32458,2023-09-26 15:41:08.418270,3,34318,PAT_0001314,CON_008,inst_04680,responded
32699,2023-09-28 18:27:35.069443,2,34570,PAT_0000628,CON_021,inst_04803,responded
33293,2023-10-03 02:12:55.524283,3,35188,PAT_0001329,CON_023,inst_04865,responded
33377,2023-10-04 18:48:10.423293,1,35278,PAT_0000824,CON_020,inst_04883,responded
33397,2023-10-04 10:23:19.507501,2,35298,PAT_0001019,CON_003,inst_04884,responded
33580,2023-10-05 19:26:46.129962,2,35485,PAT_0001122,CON_024,inst_04886,responded
33710,2023-10-06 15:26:57.641659,3,35626,PAT_0000833,CON_021,inst_04932,responded
33834,2023-10-07 18:11:29.055982,2,35753,PAT_0000053,CON_001,inst_04951,responded
33841,2023-10-07 00:48:10.256217,2,35760,PAT_0000852,CON_018,inst_04956,responded
33880,2023-10-08 11:56:51.595065,1,35802,PAT_0001384,CON_023,inst_04943,responded
34600,2023-10-12 08:02:16.601850,2,36556,PAT_0001375,CON_017,inst_05020,responded
34834,2023-10-14 00:05:23.691928,1,36801,PAT_0001109,CON_010,inst_04984,responded
34894,2023-10-15 15:08:50.155965,2,36866,PAT_0001427,CON_019,inst_05107,responded
35047,2023-10-16 08:12:57.494738,1,37027,PAT_0001407,CON_007,inst_05071,responded
35168,2023-10-17 13:54:49.012167,1,37161,PAT_0001032,CON_010,inst_05118,responded
35222,2023-10-17 03:02:27.738975,2,37215,PAT_0001391,CON_023,inst_05139,responded
35838,2023-10-22 21:24:26.283497,1,37847,PAT_0001461,CON_012,inst_05252,responded
36013,2023-10-23 23:46:11.217869,1,38033,PAT_0001437,CON_015,inst_05164,responded
36372,2023-10-25 17:07:42.333025,2,38404,PAT_0001090,CON_020,inst_05184,responded
36830,2023-10-27 21:15:04.818684,1,38876,PAT_0001475,CON_012,inst_05337,responded
36875,2023-10-28 13:59:55.146379,1,38926,PAT_0000710,CON_002,inst_05354,responded
36890,2023-10-28 04:21:54.464431,1,38941,PAT_0001267,CON_017,inst_05357,responded
38173,2023-11-06 13:04:35.996054,1,40282,PAT_0001218,CON_022,inst_05403,responded
38497,2023-11-08 14:50:05.199646,2,40619,PAT_0001125,CON_007,inst_05469,responded
38910,2023-11-11 18:25:22.590635,2,41043,PAT_0001293,CON_017,inst_05621,responded
38919,2023-11-11 16:32:34.257452,2,41053,PAT_0001542,CON_024,inst_05566,responded
39003,2023-11-13 18:05:57.420614,2,41144,PAT_0000737,CON_023,inst_05618,responded
39042,2023-11-13 05:42:13.881860,1,41184,PAT_0001060,CON_005,inst_05636,responded
39077,2023-11-13 17:35:24.762490,2,41219,PAT_0001321,CON_010,inst_05622,responded
39096,2023-11-13 03:10:32.524846,2,41238,PAT_0001496,CON_015,inst_05585,responded
39627,2023-11-17 19:19:08.949085,1,41790,PAT_0000389,CON_010,inst_05602,responded
39857,2023-11-19 04:58:11.880742,1,42030,PAT_0000655,CON_022,inst_05740,responded
39870,2023-11-19 21:48:06.801479,1,42043,PAT_0001536,CON_005,inst_05672,responded
40171,2023-11-21 20:13:16.397115,1,42359,PAT_0000974,CON_007,inst_05772,responded
40854,2023-11-25 11:06:21.338514,2,43063,PAT_0001385,CON_006,inst_05863,responded
40856,2023-11-25 05:25:11.557144,2,43065,PAT_0001546,CON_008,inst_05745,responded
40859,2023-11-25 17:45:19.739959,2,43068,PAT_0001564,CON_004,inst_05837,responded
41067,2023-11-27 22:35:06.199478,2,43289,PAT_0001614,CON_008,inst_05889,responded
41331,2023-11-29 23:13:50.660965,2,43562,PAT_0001324,CON_003,inst_05891,responded
41434,2023-11-30 18:28:55.364516,3,43669,PAT_0000715,CON_004,inst_05884,responded
41565,2023-12-01 22:13:26.603566,1,43805,PAT_0000456,CON_020,inst_05875,responded
41703,2023-12-02 15:21:30.888534,1,43945,PAT_0000316,CON_023,inst_05901,responded
41743,2023-12-03 14:33:38.818361,2,43989,PAT_0001610,CON_020,inst_05959,responded
42072,2023-12-05 23:22:34.233772,2,44336,PAT_0001587,CON_006,inst_05975,responded
42614,2023-12-09 10:54:06.962521,2,44896,PAT_0001643,CON_012,inst_06066,responded
42631,2023-12-10 07:39:39.510022,1,44916,PAT_0000526,CON_018,inst_06106,responded
42747,2023-12-11 23:18:33.115841,2,45041,PAT_0001101,CON_008,inst_06081,responded
43059,2023-12-12 03:24:54.918101,2,45357,PAT_0001654,CON_018,inst_06054,responded
43329,2023-12-14 14:36:00.043894,3,45638,PAT_0000451,CON_008,inst_06124,responded
43453,2023-12-14 07:18:57.837438,1,45763,PAT_0001638,CON_005,inst_06120,responded
43697,2023-12-16 20:57:24.645754,4,46020,PAT_0001660,CON_024,inst_06109,responded
43751,2023-12-17 14:18:43.527614,3,46078,PAT_0000939,CON_024,inst_06166,responded
43947,2023-12-18 16:38:35.921114,3,46286,PAT_0001393,CON_019,inst_06196,responded
44636,2023-12-22 21:24:05.000277,1,47001,PAT_0000244,CON_004,inst_06353,responded
44763,2023-12-22 15:34:40.028408,1,47128,PAT_0001679,CON_025,inst_06200,responded
44769,2023-12-22 20:53:20.136840,2,47135,PAT_0001705,CON_021,inst_06278,responded
44843,2023-12-23 04:29:53.116680,3,47215,PAT_0001388,CON_021,inst_06359,responded
44897,2023-12-24 05:17:12.634590,2,47271,PAT_0001361,CON_017,inst_06357,responded
45216,2023-12-26 09:29:26.569287,3,47607,PAT_0000765,CON_023,inst_06420,responded
45307,2023-12-26 10:51:59.321572,3,47699,PAT_0001512,CON_009,inst_06360,responded
45433,2023-12-27 12:49:53.997801,1,47830,PAT_0000224,CON_012,inst_06402,responded
45547,2023-12-27 07:32:12.657028,2,47944,PAT_0001702,CON_008,inst_06406,responded
45675,2023-12-28 22:54:01.225750,2,48082,PAT_0001307,CON_018,inst_06236,responded
46008,2023-12-30 07:29:03.191761,3,48425,PAT_0000673,CON_013,inst_06515,responded
46077,2023-12-31 10:59:49.275866,1,48502,PAT_0001727,CON_023,inst_06549,responded
46564,2024-01-03 18:32:42.695594,4,49010,PAT_0001089,CON_020,inst_06569,responded
46609,2024-01-03 20:23:36.880579,1,49055,PAT_0001459,CON_025,inst_06581,responded
46864,2024-01-04 21:13:18.656619,2,49323,PAT_0001743,CON_013,inst_06498,responded
47144,2024-01-07 11:50:04.396883,1,49625,PAT_0001773,CON_015,inst_06571,responded
47348,2024-01-08 08:17:49.427235,2,49831,PAT_0001749,CON_010,inst_06627,responded
47553,2024-01-09 17:37:05.744269,1,50043,PAT_0001813,CON_005,inst_06750,responded
47733,2024-01-10 23:18:27.575409,2,50233,PAT_0001801,CON_006,inst_06720,responded
47875,2024-01-11 11:49:34.577649,2,50382,PAT_0001303,CON_009,inst_06715,responded
48223,2024-01-13 15:45:40.499350,3,50740,PAT_0001508,CON_010,inst_06846,responded
48615,2024-01-16 11:08:23.841175,2,51149,PAT_0001412,CON_017,inst_06864,responded
48673,2024-01-16 22:50:18.111579,2,51208,PAT_0001758,CON_009,inst_06683,responded
49012,2024-01-18 21:08:27.901385,2,51558,PAT_0001455,CON_013,inst_06845,responded
49361,2024-01-21 23:20:35.274452,1,51923,PAT_0001839,CON_019,inst_06986,responded
49373,2024-01-21 23:28:56.579243,2,51935,PAT_0001872,CON_004,inst_06989,responded
50081,2024-01-25 23:40:03.147603,4,52668,PAT_0001604,CON_002,inst_06963,responded
50213,2024-01-26 14:43:11.907536,1,52805,PAT_0001096,CON_005,inst_07006,responded
50228,2024-01-26 17:16:25.843222,2,52820,PAT_0001248,CON_025,inst_06981,responded
50409,2024-01-28 16:47:10.911322,2,53009,PAT_0000147,CON_019,inst_07087,responded
50430,2024-01-28 22:52:52.768398,3,53031,PAT_0001877,CON_012,inst_07023,responded
50816,2024-01-30 12:31:50.153562,2,53442,PAT_0001399,CON_012,inst_07094,responded
50832,2024-01-30 19:33:49.039770,2,53458,PAT_0001470,CON_025,inst_07119,responded
50906,2024-01-30 19:13:58.399808,3,53533,PAT_0001905,CON_010,inst_07144,responded
51078,2024-01-31 17:20:09.664948,2,53710,PAT_0001669,CON_006,inst_07138,responded
51097,2024-01-31 22:37:17.312608,3,53729,PAT_0001896,CON_017,inst_07141,responded
51373,2024-02-02 15:42:00.416437,1,54016,PAT_0000290,CON_002,inst_07217,responded
51543,2024-02-03 12:38:08.038574,1,54187,PAT_0001859,CON_022,inst_07139,responded
51555,2024-02-03 12:29:42.526617,2,54201,PAT_0001925,CON_021,inst_07221,responded
51575,2024-02-04 12:06:14.255310,2,54225,PAT_0001513,CON_008,inst_07232,responded
52389,2024-02-08 03:51:26.364824,2,55063,PAT_0001860,CON_022,inst_07121,responded
52500,2024-02-09 14:34:03.276775,1,55180,PAT_0001275,CON_012,inst_07303,responded
52744,2024-02-12 16:32:10.016539,2,55442,PAT_0000558,CON_012,inst_07394,responded
53054,2024-02-13 14:24:23.822133,3,55764,PAT_0001662,CON_011,inst_07370,responded
53100,2024-02-13 11:59:46.787349,2,55811,PAT_0001952,CON_001,inst_07339,responded
53732,2024-02-17 05:41:11.858205,2,56461,PAT_0000013,CON_001,inst_07483,responded
53784,2024-02-18 11:45:01.746304,3,56514,PAT_0002000,CON_021,inst_07543,responded
53895,2024-02-19 20:54:14.266878,2,56634,PAT_0001720,CON_019,inst_07519,responded
54150,2024-02-20 10:14:26.321462,1,56896,PAT_0001983,CON_021,inst_07496,responded
54168,2024-02-20 19:46:22.995088,1,56916,PAT_0002010,CON_017,inst_07562,responded
54295,2024-02-21 18:19:09.111648,2,57052,PAT_0001714,CON_017,inst_07518,responded
54736,2024-02-23 08:54:32.417068,2,57507,PAT_0002021,CON_024,inst_07630,responded
55200,2024-02-27 21:08:32.488175,2,57992,PAT_0001748,CON_013,inst_07652,responded
55202,2024-02-27 18:36:27.547901,2,57994,PAT_0001766,CON_011,inst_07653,responded
55244,2024-02-27 23:42:45.372307,1,58037,PAT_0002037,CON_006,inst_07642,responded
55366,2024-02-28 07:33:32.234909,2,58165,PAT_0001784,CON_001,inst_07561,responded
55688,2024-03-01 15:58:15.576649,1,58500,PAT_0001379,CON_010,inst_07707,responded
55758,2024-03-01 11:53:44.023179,2,58570,PAT_0002049,CON_003,inst_07727,responded
55845,2024-03-03 06:35:30.989862,1,58663,PAT_0001715,CON_014,inst_07777,responded
55998,2024-03-04 06:41:27.090623,1,58821,PAT_0001786,CON_017,inst_07696,responded
56006,2024-03-04 22:00:02.596117,2,58829,PAT_0001807,CON_018,inst_07779,responded
56168,2024-03-05 17:30:18.341420,1,58997,PAT_0001789,CON_025,inst_07778,responded
56407,2024-03-06 01:44:24.087376,4,59246,PAT_0002043,CON_022,inst_07709,responded
56417,2024-03-06 14:17:33.335533,1,59256,PAT_0002069,CON_002,inst_07793,responded
56518,2024-03-07 10:23:12.341712,1,59362,PAT_0001273,CON_019,inst_07827,responded
56524,2024-03-07 05:54:32.440041,3,59368,PAT_0001335,CON_023,inst_07817,responded
56874,2024-03-09 11:23:33.666047,2,59721,PAT_0001664,CON_002,inst_07896,responded
56886,2024-03-09 02:52:54.375953,3,59734,PAT_0001973,CON_009,inst_07598,responded
56941,2024-03-10 19:34:05.726980,2,59800,PAT_0002017,CON_019,inst_07783,responded
57075,2024-03-11 18:31:35.296566,2,59941,PAT_0001452,CON_003,inst_07803,responded
57551,2024-03-13 21:48:03.563869,1,60432,PAT_0001884,CON_019,inst_07954,responded
58061,2024-03-16 09:13:02.978866,2,60958,PAT_0002077,CON_025,inst_07873,responded
58109,2024-03-17 03:46:08.882189,2,61011,PAT_0001690,CON_005,inst_07967,responded
58316,2024-03-18 03:10:24.272951,3,61226,PAT_0002071,CON_006,inst_08056,responded
59059,2024-03-22 20:24:44.622965,1,62006,PAT_0000925,CON_003,inst_07938,responded
59185,2024-03-22 08:55:13.087037,1,62133,PAT_0002148,CON_007,inst_08157,responded
59265,2024-03-23 18:10:57.446961,2,62218,PAT_0002091,CON_023,inst_08109,responded
59314,2024-03-24 23:53:11.809744,2,62273,PAT_0001389,CON_021,inst_07966,responded
59334,2024-03-24 14:19:56.041556,3,62294,PAT_0002125,CON_008,inst_08241,responded
59560,2024-03-25 12:24:43.056699,2,62531,PAT_0002129,CON_014,inst_08262,responded
59777,2024-03-26 15:02:56.340290,1,62756,PAT_0002122,CON_018,inst_08261,responded
60354,2024-03-29 18:24:58.389512,2,63353,PAT_0001395,CON_011,inst_08276,responded
60566,2024-03-31 11:47:36.761930,2,63579,PAT_0001683,CON_022,inst_08172,responded
60662,2024-04-01 18:59:11.915770,2,63680,PAT_0001420,CON_018,inst_08365,responded
60777,2024-04-01 23:55:57.902832,2,63795,PAT_0002161,CON_011,inst_08370,responded
61033,2024-04-02 18:45:12.732130,2,64063,PAT_0002209,CON_017,inst_08411,responded
61246,2024-04-03 06:39:56.165111,1,64280,PAT_0002211,CON_024,inst_08449,responded
61415,2024-04-04 16:23:57.123889,1,64455,PAT_0002001,CON_009,inst_08445,responded
61656,2024-04-06 05:29:58.619121,2,64709,PAT_0001547,CON_019,inst_08499,responded
61669,2024-04-06 21:11:16.551589,2,64722,PAT_0002170,CON_001,inst_08421,responded
61705,2024-04-07 20:45:57.880790,2,64760,PAT_0001442,CON_016,inst_08527,responded
61713,2024-04-07 22:27:53.293742,1,64768,PAT_0001812,CON_011,inst_08474,responded
61723,2024-04-07 10:26:25.589062,1,64779,PAT_0002200,CON_023,inst_08563,responded
61725,2024-04-07 08:03:20.091128,1,64781,PAT_0002207,CON_015,inst_08433,responded
61727,2024-04-07 23:15:58.280049,1,64783,PAT_0002217,CON_017,inst_08508,responded
62040,2024-04-09 19:52:20.889726,1,65114,PAT_0001030,CON_024,inst_08416,responded
62386,2024-04-10 20:28:51.783872,1,65467,PAT_0002229,CON_018,inst_08517,responded
62713,2024-04-12 05:03:22.507752,3,65804,PAT_0001566,CON_019,inst_08529,responded
62914,2024-04-14 16:18:45.227256,2,66019,PAT_0001719,CON_019,inst_08697,responded
63026,2024-04-15 21:30:37.234830,1,66138,PAT_0001348,CON_021,inst_08730,responded
63551,2024-04-17 16:17:57.549113,2,66678,PAT_0001712,CON_018,inst_08696,responded
63634,2024-04-17 18:47:15.964424,1,66763,PAT_0002228,CON_013,inst_08719,responded
64089,2024-04-19 20:46:22.423228,2,67231,PAT_0002250,CON_006,inst_08656,responded
64103,2024-04-19 14:26:37.612378,1,67246,PAT_0002282,CON_002,inst_08734,responded
64178,2024-04-20 02:42:47.297204,2,67323,PAT_0002243,CON_021,inst_08835,responded
64219,2024-04-21 23:20:22.860675,1,67369,PAT_0001338,CON_005,inst_08676,responded
64241,2024-04-21 21:10:41.526781,1,67392,PAT_0002248,CON_007,inst_08836,responded
64556,2024-04-23 21:27:04.806526,2,67725,PAT_0001190,CON_013,inst_08842,responded
65217,2024-04-26 06:26:01.495004,3,68413,PAT_0001350,CON_024,inst_08886,responded
65283,2024-04-26 17:38:26.708799,2,68479,PAT_0001914,CON_024,inst_08878,responded
65435,2024-04-27 16:07:35.170518,1,68637,PAT_0002331,CON_012,inst_08981,responded
65527,2024-04-29 11:32:21.587355,3,68739,PAT_0000272,CON_016,inst_09024,responded
65715,2024-04-29 21:47:40.157855,3,68929,PAT_0002284,CON_009,inst_08961,responded
66035,2024-05-01 14:55:57.097188,3,69263,PAT_0001436,CON_022,inst_08958,responded
66168,2024-05-01 12:07:24.878410,3,69397,PAT_0002348,CON_012,inst_09043,responded
66364,2024-05-02 19:15:49.787891,2,69598,PAT_0002303,CON_024,inst_09040,responded
66606,2024-05-04 19:21:04.924916,1,69851,PAT_0001908,CON_004,inst_09109,responded
67704,2024-05-10 11:37:27.637083,1,70996,PAT_0002362,CON_012,inst_09137,responded
67773,2024-05-11 07:00:24.313256,1,71068,PAT_0001572,CON_013,inst_09297,responded
67775,2024-05-11 04:35:28.523704,1,71070,PAT_0001686,CON_023,inst_09244,responded
67910,2024-05-13 22:45:14.519543,2,71212,PAT_0001881,CON_012,inst_09299,responded
68185,2024-05-14 01:20:48.481886,1,71496,PAT_0002408,CON_006,inst_09324,responded
68188,2024-05-14 07:55:41.854686,1,71499,PAT_0002412,CON_005,inst_09315,responded
68299,2024-05-15 18:16:27.829466,2,71614,PAT_0002041,CON_017,inst_09330,responded
68718,2024-05-17 23:47:34.228755,3,72051,PAT_0002430,CON_012,inst_09380,responded
68760,2024-05-18 18:22:32.285234,3,72096,PAT_0002142,CON_004,inst_09372,responded
68785,2024-05-19 08:19:51.599743,2,72126,PAT_0002059,CON_018,inst_09331,responded
69108,2024-05-21 21:56:10.851241,1,72467,PAT_0001573,CON_002,inst_09452,responded
69130,2024-05-21 09:05:27.512103,3,72489,PAT_0001772,CON_012,inst_09387,responded
69992,2024-05-26 23:39:20.783313,2,73380,PAT_0000277,CON_024,inst_09577,responded
70022,2024-05-26 12:29:47.006048,3,73414,PAT_0002460,CON_015,inst_09546,responded
70024,2024-05-26 15:06:10.032069,3,73416,PAT_0002464,CON_024,inst_09561,responded
70385,2024-05-28 05:33:08.062063,3,73790,PAT_0002182,CON_005,inst_09582,responded
70444,2024-05-28 10:37:01.658700,4,73850,PAT_0002472,CON_013,inst_09585,responded
70681,2024-05-29 14:44:09.007540,3,74092,PAT_0002481,CON_023,inst_09627,responded
70777,2024-05-30 16:11:22.179679,2,74193,PAT_0001928,CON_018,inst_09611,responded
71183,2024-06-02 14:12:49.455895,2,74613,PAT_0001544,CON_010,inst_09578,responded
71311,2024-06-03 20:52:00.679346,3,74746,PAT_0001913,CON_003,inst_09683,responded
71366,2024-06-03 21:11:48.264889,2,74801,PAT_0002202,CON_009,inst_09672,responded
71403,2024-06-03 23:50:37.918166,1,74839,PAT_0002303,CON_019,inst_09653,responded
71610,2024-06-04 05:40:25.577061,3,75052,PAT_0002214,CON_018,inst_09756,responded
71891,2024-06-05 08:10:55.780067,1,75344,PAT_0002444,CON_023,inst_09676,responded
72220,2024-06-07 08:27:19.380538,2,75681,PAT_0002073,CON_014,inst_09791,responded
72305,2024-06-07 15:23:11.435495,1,75767,PAT_0002456,CON_013,inst_09759,responded
72369,2024-06-08 10:39:13.478685,3,75834,PAT_0002151,CON_013,inst_09740,responded
72765,2024-06-11 19:39:28.755482,1,76250,PAT_0002144,CON_015,inst_09886,responded
72863,2024-06-11 20:39:04.861720,2,76349,PAT_0002537,CON_005,inst_09873,responded
72972,2024-06-12 18:07:01.733348,1,76462,PAT_0002012,CON_004,inst_09925,responded
73140,2024-06-13 03:52:13.943171,1,76635,PAT_0001623,CON_018,inst_09844,responded
73162,2024-06-13 22:44:29.307012,2,76657,PAT_0001910,CON_011,inst_09877,responded
73257,2024-06-13 09:16:47.428386,2,76754,PAT_0002533,CON_025,inst_09839,responded
73906,2024-06-18 21:42:01.623025,2,77427,PAT_0001676,CON_022,inst_09996,responded
73956,2024-06-18 11:53:24.521050,2,77477,PAT_0002214,CON_022,inst_10017,responded
74018,2024-06-18 22:28:29.706669,1,77541,PAT_0002515,CON_021,inst_09983,responded
74684,2024-06-23 12:48:37.442242,1,78223,PAT_0002252,CON_005,inst_10127,responded
74788,2024-06-24 13:50:29.972538,1,78339,PAT_0002014,CON_018,inst_10111,responded
74877,2024-06-24 14:04:16.424843,2,78429,PAT_0002475,CON_010,inst_10142,responded
75140,2024-06-25 03:30:25.084020,1,78701,PAT_0002550,CON_018,inst_10095,responded
75318,2024-06-26 07:43:36.631238,1,78880,PAT_0002583,CON_004,inst_10144,responded
75334,2024-06-26 20:00:39.373323,2,78896,PAT_0002593,CON_020,inst_10181,responded
75437,2024-06-27 21:41:14.870335,4,79001,PAT_0002339,CON_021,inst_10223,responded
75460,2024-06-27 12:40:40.529237,1,79024,PAT_0002486,CON_009,inst_10094,responded
75533,2024-06-28 16:56:33.815447,3,79103,PAT_0000612,CON_014,inst_10194,responded
75689,2024-06-29 12:53:35.645945,2,79263,PAT_0002319,CON_013,inst_10128,responded
75698,2024-06-29 20:34:18.705802,1,79272,PAT_0002578,CON_007,inst_10132,responded
76779,2024-07-05 09:32:33.042268,1,80412,PAT_0001323,CON_025,inst_10173,responded
76931,2024-07-05 13:05:08.042180,1,80565,PAT_0002634,CON_011,inst_10387,responded
77029,2024-07-06 17:52:54.347929,2,80673,PAT_0002650,CON_013,inst_10440,responded
77068,2024-07-07 20:08:58.444032,2,80716,PAT_0002637,CON_014,inst_10434,responded
77075,2024-07-07 14:45:42.903171,1,80723,PAT_0002647,CON_020,inst_10416,responded
77279,2024-07-08 06:43:01.028885,2,80936,PAT_0002635,CON_015,inst_10432,responded
77373,2024-07-09 18:35:58.646679,1,81036,PAT_0001569,CON_021,inst_10367,responded
77376,2024-07-09 22:37:23.952786,1,81039,PAT_0001594,CON_017,inst_10460,responded
77583,2024-07-10 18:33:21.717143,1,81251,PAT_0000743,CON_024,inst_10429,responded
77662,2024-07-10 18:48:28.760151,2,81330,PAT_0002323,CON_018,inst_10453,responded
77741,2024-07-10 22:53:13.538269,2,81409,PAT_0002669,CON_002,inst_10503,responded
78129,2024-07-12 07:38:11.895430,3,81809,PAT_0002631,CON_024,inst_10518,responded
78185,2024-07-13 21:07:56.285168,2,81867,PAT_0002641,CON_003,inst_10558,responded
78264,2024-07-15 14:07:43.965951,2,81955,PAT_0000612,CON_018,inst_10531,responded
78837,2024-07-17 22:01:40.890185,2,82535,PAT_0002614,CON_018,inst_10621,responded
79053,2024-07-18 20:34:54.765787,3,82756,PAT_0002676,CON_019,inst_10525,responded
79300,2024-07-20 05:54:59.435420,2,83012,PAT_0001885,CON_009,inst_10673,responded
79313,2024-07-20 09:47:07.733127,2,83026,PAT_0002423,CON_009,inst_10620,responded
79379,2024-07-21 16:11:21.302907,2,83099,PAT_0002437,CON_021,inst_10678,responded
80159,2024-07-25 20:23:15.557165,4,83912,PAT_0002193,CON_011,inst_10675,responded
80223,2024-07-25 14:44:48.118732,3,83976,PAT_0002654,CON_019,inst_10643,responded
80238,2024-07-25 02:09:56.619372,3,83991,PAT_0002705,CON_019,inst_10731,responded
80488,2024-07-27 16:15:32.235108,2,84252,PAT_0002719,CON_019,inst_10838,responded
80493,2024-07-27 17:03:41.587006,4,84258,PAT_0002735,CON_010,inst_10845,responded
80522,2024-07-28 16:44:33.389695,2,84289,PAT_0000016,CON_008,inst_10808,responded
80713,2024-07-29 18:34:56.011296,2,84482,PAT_0002720,CON_005,inst_10839,responded
80903,2024-07-30 15:35:13.339805,3,84680,PAT_0002699,CON_023,inst_10721,responded
81121,2024-07-31 14:48:03.399031,1,84914,PAT_0002727,CON_005,inst_10864,responded
81543,2024-08-02 23:32:52.349342,1,85354,PAT_0002274,CON_006,inst_10988,responded
81672,2024-08-03 23:22:05.736329,2,85485,PAT_0001366,CON_006,inst_10986,responded
81676,2024-08-03 15:14:46.382615,3,85489,PAT_0002162,CON_018,inst_10836,responded
81689,2024-08-03 15:15:18.889142,2,85503,PAT_0002717,CON_007,inst_10814,responded
81695,2024-08-03 22:02:00.095804,2,85509,PAT_0002767,CON_025,inst_10971,responded
81721,2024-08-04 10:12:28.366093,2,85537,PAT_0002457,CON_015,inst_10901,responded
81945,2024-08-05 21:24:16.606249,2,85769,PAT_0002736,CON_004,inst_11029,responded
82186,2024-08-06 18:37:18.915378,1,86017,PAT_0002729,CON_006,inst_11028,responded
82392,2024-08-07 15:06:32.859907,2,86228,PAT_0002758,CON_006,inst_10961,responded
82755,2024-08-09 18:07:37.174039,1,86603,PAT_0002791,CON_001,inst_11128,responded
82800,2024-08-10 05:08:03.983223,4,86652,PAT_0002485,CON_023,inst_11127,responded
82865,2024-08-11 06:00:08.597743,1,86720,PAT_0002427,CON_001,inst_11126,responded
82869,2024-08-11 21:53:37.473159,2,86724,PAT_0002762,CON_006,inst_11170,responded
83053,2024-08-12 22:50:44.663002,2,86913,PAT_0002783,CON_024,inst_11040,responded
83161,2024-08-13 17:20:49.737288,1,87025,PAT_0001734,CON_025,inst_11022,responded
83900,2024-08-17 09:55:19.741411,1,87788,PAT_0002193,CON_006,inst_11178,responded
83912,2024-08-17 14:29:25.821573,4,87800,PAT_0002549,CON_023,inst_11220,responded
84931,2024-08-23 15:34:02.497130,2,88868,PAT_0002029,CON_005,inst_11402,responded
84982,2024-08-23 09:05:44.563888,3,88920,PAT_0002584,CON_014,inst_11295,responded
85085,2024-08-24 11:25:01.031136,2,89028,PAT_0002246,CON_025,inst_11217,responded
85157,2024-08-25 13:25:07.203145,2,89105,PAT_0002387,CON_022,inst_11404,responded
85969,2024-08-29 17:52:33.010605,2,89945,PAT_0002826,CON_007,inst_11428,responded
86231,2024-08-31 11:27:03.238874,4,90218,PAT_0000690,CON_019,inst_11459,responded
86236,2024-08-31 22:01:43.959450,2,90223,PAT_0001681,CON_008,inst_11424,responded
86829,2024-09-04 07:51:48.271514,3,90848,PAT_0001929,CON_024,inst_11574,responded
87157,2024-09-05 20:30:36.608800,2,91183,PAT_0002881,CON_012,inst_11487,responded
87349,2024-09-06 21:15:07.292528,3,91386,PAT_0002899,CON_013,inst_11598,responded
87497,2024-09-08 08:02:18.906241,2,91542,PAT_0002846,CON_010,inst_11509,responded
87833,2024-09-10 15:02:34.375724,1,91892,PAT_0002463,CON_008,inst_11772,responded
87891,2024-09-10 23:33:55.511807,1,91950,PAT_0002919,CON_010,inst_11721,responded
88336,2024-09-13 03:30:01.373009,3,92412,PAT_0000177,CON_018,inst_11843,responded
88407,2024-09-13 13:39:25.269972,2,92484,PAT_0002402,CON_007,inst_11771,responded
88433,2024-09-13 21:56:51.108839,2,92511,PAT_0002629,CON_002,inst_11717,responded
88468,2024-09-13 23:53:14.510150,3,92546,PAT_0002913,CON_005,inst_11828,responded
88554,2024-09-14 03:47:06.773703,1,92640,PAT_0002929,CON_018,inst_11752,responded
88598,2024-09-15 01:37:33.658276,3,92690,PAT_0002395,CON_005,inst_11770,responded
88612,2024-09-15 16:42:46.033210,1,92704,PAT_0002510,CON_023,inst_11890,responded
88665,2024-09-16 20:33:55.971638,1,92765,PAT_0000689,CON_013,inst_11885,responded
88808,2024-09-16 04:54:36.597181,3,92909,PAT_0002953,CON_020,inst_11855,responded
89219,2024-09-18 22:54:10.070678,2,93330,PAT_0002943,CON_014,inst_11948,responded
89301,2024-09-19 19:37:39.474828,1,93415,PAT_0000333,CON_024,inst_11968,responded
89307,2024-09-19 17:07:18.164515,2,93421,PAT_0000800,CON_003,inst_11940,responded
90802,2024-09-27 20:58:01.452006,2,94968,PAT_0002463,CON_011,inst_12154,responded
90923,2024-09-28 05:57:29.385644,4,95092,PAT_0001253,CON_016,inst_12173,responded
90943,2024-09-28 18:05:17.356131,1,95112,PAT_0002993,CON_023,inst_12217,responded
90980,2024-09-29 18:50:41.791900,3,95156,PAT_0003001,CON_019,inst_12183,responded
91476,2024-10-01 05:38:52.654426,3,95668,PAT_0003006,CON_019,inst_12075,responded
91715,2024-10-02 21:40:12.817265,3,95911,PAT_0003053,CON_002,inst_12278,responded
91974,2024-10-04 12:42:44.963133,3,96174,PAT_0002580,CON_022,inst_12176,responded
92075,2024-10-05 17:01:24.183787,3,96282,PAT_0002671,CON_019,inst_12326,responded
92123,2024-10-06 05:26:06.587869,1,96338,PAT_0003030,CON_003,inst_12340,responded
92188,2024-10-07 18:13:33.539720,1,96412,PAT_0000418,CON_025,inst_12299,responded
92354,2024-10-07 07:07:12.063233,3,96579,PAT_0003050,CON_020,inst_12312,responded
92425,2024-10-08 10:38:10.094972,2,96651,PAT_0001622,CON_018,inst_12323,responded
92946,2024-10-10 23:36:51.215870,2,97185,PAT_0003068,CON_016,inst_12388,responded
93074,2024-10-11 22:04:19.655856,2,97316,PAT_0002763,CON_016,inst_12406,responded
93087,2024-10-11 08:32:04.022718,2,97329,PAT_0002817,CON_002,inst_12440,responded
93170,2024-10-12 20:18:12.995319,1,97418,PAT_0002420,CON_019,inst_12405,responded
93228,2024-10-13 15:57:40.651400,2,97481,PAT_0002581,CON_010,inst_12489,responded
93459,2024-10-14 20:19:39.591033,2,97720,PAT_0003052,CON_020,inst_12491,responded
93822,2024-10-16 14:56:18.792588,3,98095,PAT_0002089,CON_004,inst_12359,responded
94102,2024-10-17 20:28:57.112961,2,98387,PAT_0002664,CON_008,inst_12499,responded
94462,2024-10-20 12:37:33.963129,2,98761,PAT_0003095,CON_013,inst_12479,responded
94518,2024-10-21 05:21:17.445381,1,98821,PAT_0001887,CON_011,inst_12586,responded
94605,2024-10-21 09:57:21.987492,1,98908,PAT_0002759,CON_007,inst_12592,responded
94940,2024-10-23 14:23:49.249442,1,99259,PAT_0002233,CON_013,inst_12639,responded
95009,2024-10-23 15:58:51.027797,2,99328,PAT_0002803,CON_009,inst_12641,responded
95161,2024-10-24 08:40:36.022239,1,99487,PAT_0002602,CON_015,inst_12590,responded
95207,2024-10-24 22:11:33.125766,1,99533,PAT_0002855,CON_003,inst_12643,responded
95402,2024-10-25 18:52:26.943546,1,99736,PAT_0002862,CON_013,inst_12699,responded
95489,2024-10-26 15:33:51.971060,1,99827,PAT_0002607,CON_001,inst_12671,responded
95491,2024-10-26 22:30:21.630628,4,99829,PAT_0002640,CON_019,inst_12626,responded
95512,2024-10-26 12:50:40.216311,2,99851,PAT_0003152,CON_010,inst_12741,responded
95544,2024-10-27 12:34:02.813127,2,99884,PAT_0003112,CON_013,inst_12547,responded
95693,2024-10-28 06:44:56.415299,2,100042,PAT_0002898,CON_022,inst_12778,responded
95869,2024-10-29 17:07:49.687833,2,100222,PAT_0002847,CON_018,inst_12791,responded
96019,2024-10-30 18:10:25.441996,2,100379,PAT_0002763,CON_009,inst_12756,responded
96029,2024-10-30 12:42:20.589637,2,100389,PAT_0002813,CON_024,inst_12819,responded
96414,2024-11-01 14:59:53.657092,2,100794,PAT_0002941,CON_005,inst_12835,responded
96559,2024-11-02 22:51:34.505562,3,100947,PAT_0002713,CON_025,inst_12673,responded
96561,2024-11-02 04:48:12.121791,2,100949,PAT_0002747,CON_016,inst_12852,responded
96564,2024-11-02 04:43:04.801118,1,100952,PAT_0002926,CON_017,inst_12855,responded
96571,2024-11-02 22:20:04.502743,2,100960,PAT_0003181,CON_001,inst_12882,responded
96710,2024-11-04 14:44:44.964675,2,101114,PAT_0002205,CON_013,inst_12914,responded
97232,2024-11-06 21:56:46.208172,2,101655,PAT_0002576,CON_019,inst_12998,responded
97520,2024-11-07 20:45:33.754565,2,101953,PAT_0002894,CON_025,inst_13021,responded
97540,2024-11-07 04:59:11.333618,2,101973,PAT_0003005,CON_020,inst_12989,responded
97916,2024-11-09 22:53:49.430472,1,102365,PAT_0002140,CON_001,inst_12996,responded
97918,2024-11-09 23:16:24.924779,3,102367,PAT_0002393,CON_014,inst_13047,responded
98740,2024-11-13 14:52:15.456848,2,103225,PAT_0003177,CON_002,inst_13111,responded
98923,2024-11-14 04:32:36.162781,1,103422,PAT_0002891,CON_022,inst_13086,responded
99106,2024-11-15 14:48:00.701593,2,103618,PAT_0001295,CON_024,inst_13106,responded
99226,2024-11-15 16:21:29.700033,1,103739,PAT_0003192,CON_005,inst_13122,responded
99245,2024-11-15 20:53:32.707599,2,103761,PAT_0003255,CON_002,inst_13151,responded
99344,2024-11-16 04:10:54.398709,2,103864,PAT_0002795,CON_017,inst_13108,responded
99402,2024-11-17 19:39:58.906100,2,103931,PAT_0002958,CON_009,inst_13280,responded
100157,2024-11-20 16:50:49.272858,2,104722,PAT_0002906,CON_023,inst_13347,responded
100237,2024-11-20 19:39:16.326685,2,104802,PAT_0003296,CON_008,inst_13327,responded
100457,2024-11-21 03:30:16.775456,1,105032,PAT_0003232,CON_017,inst_13350,responded
100869,2024-11-24 11:37:02.435584,1,105464,PAT_0002948,CON_015,inst_13427,responded
101185,2024-11-26 06:59:55.928981,3,105794,PAT_0000871,CON_011,inst_13457,responded
101285,2024-11-26 05:49:34.242176,2,105895,PAT_0003011,CON_012,inst_13502,responded
101321,2024-11-26 12:50:47.808423,2,105931,PAT_0003284,CON_007,inst_13543,responded
101473,2024-11-27 05:01:20.946574,1,106094,PAT_0002703,CON_001,inst_13529,responded
101520,2024-11-27 11:30:59.573007,2,106141,PAT_0003042,CON_019,inst_13504,responded
101549,2024-11-27 16:50:45.637397,2,106170,PAT_0003269,CON_023,inst_13509,responded
101765,2024-11-28 07:04:39.870163,3,106403,PAT_0003295,CON_003,inst_13544,responded
101776,2024-11-28 08:30:01.031329,2,106414,PAT_0003358,CON_008,inst_13521,responded
101872,2024-11-29 17:16:42.567065,2,106517,PAT_0000174,CON_003,inst_13601,responded
101880,2024-11-29 20:41:23.741362,2,106525,PAT_0001151,CON_002,inst_13554,responded
102110,2024-12-01 14:21:05.219950,5,106766,PAT_0003031,CON_010,inst_13677,responded
102120,2024-12-01 18:44:19.557965,2,106777,PAT_0003376,CON_024,inst_13622,responded
102122,2024-12-01 12:27:18.161611,1,106779,PAT_0003379,CON_012,inst_13680,responded
102323,2024-12-02 05:48:42.406682,2,106990,PAT_0003350,CON_023,inst_13545,responded
102554,2024-12-03 19:37:03.127499,2,107227,PAT_0003397,CON_021,inst_13690,responded
102671,2024-12-04 23:45:32.250992,3,107350,PAT_0002555,CON_007,inst_13716,responded
102701,2024-12-04 17:06:11.659699,2,107380,PAT_0002949,CON_007,inst_13428,responded
102704,2024-12-04 11:56:43.757940,1,107383,PAT_0002985,CON_022,inst_13649,responded
102745,2024-12-04 17:40:24.717353,1,107424,PAT_0003325,CON_001,inst_13679,responded
102776,2024-12-04 18:13:11.336402,2,107455,PAT_0003411,CON_003,inst_13752,responded
102949,2024-12-05 17:10:09.711816,2,107636,PAT_0003351,CON_002,inst_13705,responded
103200,2024-12-06 23:10:50.457731,1,107904,PAT_0003369,CON_025,inst_13738,responded
103287,2024-12-07 22:57:51.979923,2,107998,PAT_0002192,CON_016,inst_13823,responded
103373,2024-12-08 18:26:30.351098,3,108088,PAT_0003009,CON_013,inst_13772,responded
103591,2024-12-09 08:05:11.264275,2,108321,PAT_0003365,CON_005,inst_13802,responded
103596,2024-12-09 18:07:34.469477,2,108326,PAT_0003371,CON_005,inst_13898,responded
103607,2024-12-09 23:21:51.307916,1,108338,PAT_0003421,CON_021,inst_13783,responded
103796,2024-12-10 21:54:14.376889,4,108532,PAT_0002897,CON_011,inst_13795,responded
103799,2024-12-10 09:00:54.028418,2,108535,PAT_0002905,CON_013,inst_13896,responded
103872,2024-12-10 13:54:18.862277,1,108609,PAT_0003433,CON_010,inst_13884,responded
104077,2024-12-11 15:31:34.186205,2,108822,PAT_0003415,CON_001,inst_13927,responded
104304,2024-12-12 23:53:02.066643,3,109061,PAT_0003389,CON_023,inst_13707,responded
104416,2024-12-13 13:52:26.490473,2,109181,PAT_0000708,CON_024,inst_13894,responded
104670,2024-12-14 17:29:28.828473,2,109448,PAT_0003499,CON_023,inst_14079,responded
104711,2024-12-15 15:09:05.017236,1,109490,PAT_0002134,CON_002,inst_13989,responded
104879,2024-12-16 14:46:12.602421,2,109667,PAT_0003099,CON_004,inst_13993,responded
104952,2024-12-16 07:01:35.890909,1,109740,PAT_0003496,CON_006,inst_14074,responded
105008,2024-12-17 20:34:42.218970,1,109804,PAT_0000880,CON_001,inst_14022,responded
105077,2024-12-17 10:03:34.635753,1,109873,PAT_0002906,CON_012,inst_14055,responded
105113,2024-12-17 12:05:07.020461,1,109910,PAT_0003141,CON_015,inst_14108,responded
105925,2024-12-20 14:48:12.355167,2,110760,PAT_0003485,CON_005,inst_14040,responded
106052,2024-12-21 12:00:49.175946,1,110890,PAT_0003528,CON_005,inst_14198,responded
106087,2024-12-22 04:29:57.116796,2,110932,PAT_0002197,CON_001,inst_14182,responded
106368,2024-12-23 23:11:47.023240,1,111229,PAT_0003532,CON_002,inst_14284,responded
106895,2024-12-25 06:39:08.061180,1,111771,PAT_0003522,CON_003,inst_14226,responded
107435,2024-12-28 16:40:00.802057,2,112339,PAT_0002991,CON_009,inst_14422,responded
107499,2024-12-29 05:25:18.651076,2,112410,PAT_0003065,CON_017,inst_14303,responded
107631,2024-12-30 23:07:08.751559,2,112555,PAT_0002911,CON_001,inst_14493,responded
107725,2024-12-30 23:49:12.807532,2,112650,PAT_0003525,CON_014,inst_14483,responded
107761,2024-12-30 14:34:35.230394,2,112687,PAT_0003594,CON_023,inst_14501,responded
107838,2024-12-31 11:14:19.603632,2,112766,PAT_0001621,CON_007,inst_14455,responded
107928,2024-12-31 21:53:42.532431,2,112856,PAT_0003099,CON_004,inst_14425,responded
107985,2024-12-31 18:33:21.980997,1,112913,PAT_0003425,CON_009,inst_14497,responded
108067,2025-01-01 20:36:19.882242,1,113003,PAT_0000073,CON_006,inst_14317,responded
108376,2025-01-02 18:34:40.920533,3,113323,PAT_0003033,CON_018,inst_14392,responded
108479,2025-01-02 16:53:10.887753,2,113427,PAT_0003604,CON_020,inst_14582,responded
108683,2025-01-03 14:15:18.468022,1,113642,PAT_0003545,CON_023,inst_14430,responded
109214,2025-01-07 15:16:41.614762,2,114202,PAT_0002310,CON_019,inst_14606,responded
109224,2025-01-07 22:08:17.079528,1,114212,PAT_0002553,CON_024,inst_14698,responded
109265,2025-01-07 19:23:39.563067,2,114254,PAT_0002945,CON_023,inst_14609,responded
109360,2025-01-07 16:59:36.662314,3,114349,PAT_0003526,CON_010,inst_14398,responded
109836,2025-01-09 18:37:47.179388,2,114844,PAT_0003319,CON_002,inst_14735,responded
110247,2025-01-12 18:26:13.697616,3,115277,PAT_0003161,CON_021,inst_14732,responded
110413,2025-01-13 23:50:16.456900,2,115456,PAT_0003211,CON_012,inst_14765,responded
110858,2025-01-15 12:18:34.773925,3,115919,PAT_0000279,CON_001,inst_14814,responded
110995,2025-01-15 14:51:13.097920,3,116056,PAT_0003425,CON_011,inst_14843,responded
111259,2025-01-16 22:09:18.499537,2,116329,PAT_0003667,CON_002,inst_14958,responded
112131,2025-01-21 09:56:36.768143,2,117230,PAT_0003697,CON_011,inst_14959,responded
112155,2025-01-21 08:52:10.553470,2,117255,PAT_0003727,CON_020,inst_15058,responded
112572,2025-01-23 21:58:56.163639,2,117687,PAT_0003704,CON_024,inst_14991,responded
112904,2025-01-26 06:57:28.334321,1,118038,PAT_0003698,CON_023,inst_15142,responded
113007,2025-01-27 13:00:54.125780,1,118145,PAT_0003051,CON_001,inst_15182,responded
114034,2025-02-01 10:09:57.510380,1,119206,PAT_0003211,CON_020,inst_15255,responded
114102,2025-02-02 18:45:22.130232,3,119283,PAT_0003747,CON_006,inst_15312,responded
114104,2025-02-02 20:53:47.058844,1,119285,PAT_0003755,CON_023,inst_15196,responded
114273,2025-02-03 18:57:38.178648,1,119464,PAT_0003440,CON_014,inst_15347,responded
115190,2025-02-07 09:50:44.169085,2,120425,PAT_0000957,CON_022,inst_15439,responded
115236,2025-02-07 19:24:57.657829,2,120471,PAT_0003044,CON_007,inst_15309,responded
115298,2025-02-07 22:57:56.243278,2,120534,PAT_0003442,CON_001,inst_15408,responded
115443,2025-02-08 12:07:34.362951,2,120684,PAT_0003786,CON_008,inst_15350,responded
115445,2025-02-08 05:54:13.370919,2,120686,PAT_0003797,CON_024,inst_15353,responded
115450,2025-02-08 19:44:49.408663,1,120692,PAT_0003814,CON_016,inst_15479,responded
115453,2025-02-08 12:43:05.117632,2,120695,PAT_0003835,CON_023,inst_15494,responded
115496,2025-02-09 13:14:50.177420,1,120745,PAT_0003834,CON_017,inst_15532,responded
115576,2025-02-10 20:24:19.168942,1,120834,PAT_0002697,CON_024,inst_15403,responded
116163,2025-02-12 06:01:08.978473,1,121440,PAT_0002987,CON_008,inst_15527,responded
116532,2025-02-13 19:22:20.210818,1,121818,PAT_0003794,CON_015,inst_15548,responded
116966,2025-02-16 16:21:18.327031,2,122279,PAT_0003305,CON_001,inst_15672,responded
116970,2025-02-16 06:57:43.890550,1,122283,PAT_0003788,CON_008,inst_15566,responded
117085,2025-02-17 03:35:08.937464,1,122406,PAT_0003067,CON_012,inst_15545,responded
117325,2025-02-18 14:22:04.832439,3,122654,PAT_0002624,CON_008,inst_15669,responded
117464,2025-02-18 20:30:17.813138,2,122796,PAT_0003871,CON_023,inst_15714,responded
117633,2025-02-19 08:20:14.087674,1,122975,PAT_0003221,CON_005,inst_15604,responded
117731,2025-02-19 16:20:49.819801,2,123074,PAT_0003857,CON_001,inst_15768,responded
118129,2025-02-21 22:52:46.157295,2,123496,PAT_0000953,CON_011,inst_15781,responded
118408,2025-02-22 09:15:14.801035,1,123778,PAT_0003837,CON_024,inst_15749,responded
118421,2025-02-22 17:42:54.251230,3,123792,PAT_0003916,CON_004,inst_15845,responded
119082,2025-02-25 13:43:09.238763,1,124486,PAT_0003907,CON_013,inst_15836,responded
119116,2025-02-25 14:46:49.858463,2,124522,PAT_0003952,CON_021,inst_15963,responded
119557,2025-02-27 11:18:52.161106,2,124979,PAT_0002809,CON_017,inst_15953,responded
119702,2025-02-27 07:14:22.327487,2,125124,PAT_0003938,CON_007,inst_15958,responded
120133,2025-03-01 18:12:45.512022,1,125580,PAT_0003957,CON_020,inst_16087,responded
120244,2025-03-02 18:51:31.281707,3,125699,PAT_0003881,CON_017,inst_16040,responded
120250,2025-03-02 11:39:06.775841,1,125706,PAT_0003942,CON_025,inst_15924,responded
120443,2025-03-03 16:07:52.951568,1,125908,PAT_0003622,CON_018,inst_16082,responded
120503,2025-03-03 18:43:10.119429,3,125968,PAT_0003959,CON_004,inst_16088,responded
120953,2025-03-05 06:34:16.050841,2,126445,PAT_0003242,CON_005,inst_16112,responded
121059,2025-03-05 17:45:52.243358,2,126551,PAT_0003946,CON_019,inst_16196,responded
121174,2025-03-06 12:01:08.731395,1,126669,PAT_0001988,CON_005,inst_16074,responded
121579,2025-03-07 05:38:00.106630,2,127085,PAT_0003963,CON_019,inst_16213,responded
121691,2025-03-08 12:54:25.236190,2,127206,PAT_0003559,CON_016,inst_16241,responded
121695,2025-03-08 06:23:44.583904,3,127210,PAT_0003705,CON_017,inst_16280,responded
121707,2025-03-08 21:13:55.864873,2,127223,PAT_0003993,CON_013,inst_16159,responded
121799,2025-03-09 16:32:48.277166,1,127324,PAT_0003370,CON_025,inst_16239,responded
122002,2025-03-10 19:26:42.568904,2,127543,PAT_0003438,CON_002,inst_16240,responded
122747,2025-03-12 23:30:41.740481,2,128307,PAT_0004050,CON_018,inst_16407,responded
122879,2025-03-13 19:18:45.259345,1,128452,PAT_0002800,CON_015,inst_16368,responded
122907,2025-03-13 21:46:58.924618,2,128480,PAT_0003238,CON_014,inst_16369,responded
123204,2025-03-14 05:46:49.692750,1,128785,PAT_0002848,CON_024,inst_16468,responded
123237,2025-03-14 14:34:52.058094,2,128819,PAT_0003298,CON_002,inst_16370,responded
123354,2025-03-14 06:24:28.683724,2,128938,PAT_0004005,CON_020,inst_16484,responded
123358,2025-03-14 18:31:14.648417,2,128942,PAT_0004018,CON_009,inst_16258,responded
123493,2025-03-15 14:20:14.539411,1,129081,PAT_0003424,CON_020,inst_16332,responded
123511,2025-03-15 05:00:24.649471,1,129099,PAT_0004020,CON_015,inst_16524,responded
123542,2025-03-15 07:32:48.233985,2,129135,PAT_0004089,CON_007,inst_16586,responded
123620,2025-03-16 20:55:21.418204,2,129219,PAT_0004070,CON_020,inst_16571,responded
123689,2025-03-17 17:33:17.273724,2,129303,PAT_0000300,CON_007,inst_16598,responded
123711,2025-03-17 13:58:03.341847,1,129325,PAT_0002219,CON_019,inst_16556,responded
123767,2025-03-17 15:40:19.094265,2,129381,PAT_0003286,CON_005,inst_16560,responded
123843,2025-03-17 19:15:16.232807,2,129457,PAT_0003696,CON_018,inst_16520,responded
123893,2025-03-17 04:20:25.143143,1,129507,PAT_0003976,CON_021,inst_16339,responded
123895,2025-03-17 02:05:57.634187,2,129509,PAT_0003981,CON_025,inst_16401,responded
123898,2025-03-17 06:26:45.608608,1,129512,PAT_0003988,CON_021,inst_16481,responded
124118,2025-03-18 12:51:09.312109,1,129742,PAT_0003315,CON_018,inst_16562,responded
124274,2025-03-18 21:46:46.927110,2,129903,PAT_0004099,CON_007,inst_16681,responded
124390,2025-03-19 22:35:53.412494,3,130024,PAT_0003276,CON_024,inst_16304,responded
124511,2025-03-19 14:45:40.816372,3,130147,PAT_0004042,CON_021,inst_16716,responded
124696,2025-03-20 14:51:03.928137,2,130340,PAT_0003609,CON_013,inst_16675,responded
124923,2025-03-21 03:25:39.685325,2,130579,PAT_0003022,CON_011,inst_16673,responded
125071,2025-03-21 05:54:51.993460,2,130730,PAT_0004110,CON_023,inst_16753,responded
125174,2025-03-22 06:55:59.664538,1,130841,PAT_0004056,CON_009,inst_16788,responded
125178,2025-03-22 20:56:48.059094,3,130845,PAT_0004093,CON_023,inst_16829,responded
125225,2025-03-23 06:15:56.679121,2,130899,PAT_0004066,CON_023,inst_16719,responded
125228,2025-03-23 21:11:29.886556,2,130902,PAT_0004107,CON_004,inst_16693,responded
125230,2025-03-23 16:53:11.290139,1,130904,PAT_0004118,CON_022,inst_16754,responded
125879,2025-03-26 10:00:10.824040,3,131585,PAT_0003590,CON_008,inst_16821,responded
125968,2025-03-26 10:00:35.581222,3,131675,PAT_0004100,CON_010,inst_16897,responded
126124,2025-03-27 08:31:22.047288,3,131842,PAT_0003449,CON_025,inst_16818,responded
126233,2025-03-27 21:08:53.799425,3,131952,PAT_0004133,CON_017,inst_16856,responded
126503,2025-03-28 22:36:01.449205,2,132225,PAT_0004139,CON_009,inst_16875,responded
126556,2025-03-29 23:25:00.777617,1,132280,PAT_0003235,CON_021,inst_16846,responded
126561,2025-03-29 20:34:10.770268,3,132285,PAT_0003712,CON_003,inst_16747,responded
126630,2025-03-30 23:44:01.514158,2,132359,PAT_0003832,CON_013,inst_17038,responded
126645,2025-03-30 15:06:31.137292,1,132375,PAT_0004169,CON_025,inst_16985,responded
126734,2025-03-31 10:00:21.134194,2,132477,PAT_0002766,CON_010,inst_17031,responded
127245,2025-04-01 23:20:29.456023,2,133000,PAT_0004174,CON_003,inst_16990,responded
127766,2025-04-03 10:09:42.853824,3,133537,PAT_0004193,CON_001,inst_17059,responded
127769,2025-04-03 12:23:33.304598,2,133540,PAT_0004199,CON_014,inst_17164,responded
128049,2025-04-04 05:41:05.666238,3,133828,PAT_0004194,CON_025,inst_17093,responded
128128,2025-04-05 17:08:33.807242,1,133912,PAT_0003678,CON_014,inst_17193,responded
128141,2025-04-05 08:57:00.413321,2,133925,PAT_0004172,CON_011,inst_17163,responded
128551,2025-04-08 03:31:04.596843,3,134355,PAT_0001257,CON_007,inst_17231,responded
128630,2025-04-08 20:28:52.942232,3,134436,PAT_0003562,CON_012,inst_17222,responded
128945,2025-04-09 13:22:41.140600,2,134761,PAT_0003800,CON_020,inst_17246,responded
129168,2025-04-10 19:49:27.338242,1,134992,PAT_0003554,CON_004,inst_17221,responded
129351,2025-04-11 08:19:39.768280,1,135183,PAT_0001759,CON_001,inst_17377,responded
129605,2025-04-12 23:10:30.172280,1,135444,PAT_0003831,CON_001,inst_17414,responded
129655,2025-04-13 21:04:39.974964,2,135500,PAT_0003549,CON_008,inst_17379,responded
130199,2025-04-15 23:15:11.465891,3,136061,PAT_0004225,CON_022,inst_17471,responded
130714,2025-04-17 08:12:19.975659,1,136585,PAT_0004223,CON_020,inst_17440,responded
130896,2025-04-18 14:44:59.319725,1,136774,PAT_0003790,CON_018,inst_17257,responded
131051,2025-04-19 16:02:16.730657,1,136936,PAT_0003796,CON_019,inst_17450,responded
131065,2025-04-19 14:23:42.082547,2,136952,PAT_0004202,CON_022,inst_17418,responded
131071,2025-04-19 09:36:03.226248,1,136959,PAT_0004245,CON_010,inst_17511,responded
131101,2025-04-20 13:00:36.765179,1,136991,PAT_0002466,CON_007,inst_17558,responded
131696,2025-04-23 13:20:29.855564,2,137603,PAT_0002205,CON_010,inst_17611,responded
131740,2025-04-23 04:35:18.621144,3,137649,PAT_0003336,CON_009,inst_17347,responded
131838,2025-04-23 15:30:29.874486,2,137747,PAT_0003961,CON_018,inst_17664,responded
131877,2025-04-23 22:21:21.747998,1,137788,PAT_0004286,CON_021,inst_17635,responded
131885,2025-04-23 12:08:58.915256,2,137796,PAT_0004298,CON_017,inst_17596,responded
132178,2025-04-25 17:22:09.308983,2,138101,PAT_0001021,CON_023,inst_17655,responded
132247,2025-04-25 16:35:57.100154,1,138170,PAT_0003447,CON_006,inst_17604,responded
132435,2025-04-26 23:42:52.007873,1,138362,PAT_0003967,CON_007,inst_17536,responded
132473,2025-04-27 06:21:38.777797,1,138404,PAT_0004280,CON_004,inst_17755,responded
132820,2025-04-29 17:35:10.758997,1,138766,PAT_0000384,CON_006,inst_17758,responded
132863,2025-04-29 06:01:27.250777,2,138809,PAT_0003047,CON_006,inst_17750,responded
132928,2025-04-29 15:57:01.362996,3,138874,PAT_0003685,CON_004,inst_17561,responded
132963,2025-04-29 10:09:58.228717,2,138909,PAT_0003908,CON_018,inst_17614,responded
133845,2025-05-03 11:27:31.335691,3,139814,PAT_0003662,CON_014,inst_17784,responded
133869,2025-05-03 08:52:13.766668,2,139840,PAT_0004332,CON_022,inst_17857,responded
133893,2025-05-04 20:41:13.515934,1,139868,PAT_0001221,CON_002,inst_17839,responded
133902,2025-05-04 09:21:33.347490,1,139878,PAT_0003225,CON_012,inst_17904,responded
134036,2025-05-05 20:29:30.217932,1,140021,PAT_0003223,CON_015,inst_17928,responded
135101,2025-05-09 12:46:41.282278,3,141111,PAT_0000511,CON_008,inst_17990,responded
135146,2025-05-09 15:35:28.805081,2,141156,PAT_0003362,CON_005,inst_18010,responded
135321,2025-05-10 12:29:28.806629,2,141337,PAT_0003783,CON_011,inst_18012,responded
135393,2025-05-11 06:13:16.265819,1,141417,PAT_0003896,CON_022,inst_18014,responded
135843,2025-05-13 21:54:37.220719,2,141883,PAT_0003726,CON_022,inst_17982,responded
135943,2025-05-13 05:28:29.184415,1,141983,PAT_0004340,CON_007,inst_18044,responded
136097,2025-05-14 16:45:21.174415,1,142140,PAT_0003551,CON_012,inst_18066,responded
136411,2025-05-15 09:54:37.388463,3,142463,PAT_0004339,CON_025,inst_18018,responded
136772,2025-05-17 05:45:21.367310,3,142833,PAT_0004037,CON_023,inst_18157,responded
136816,2025-05-18 07:42:30.565521,1,142882,PAT_0003711,CON_004,inst_18218,responded
136974,2025-05-19 15:27:13.721040,2,143047,PAT_0003664,CON_003,inst_18181,responded
137219,2025-05-20 23:43:30.715553,1,143298,PAT_0002784,CON_022,inst_18212,responded
137777,2025-05-22 12:22:42.963759,2,143870,PAT_0003863,CON_007,inst_18280,responded
137888,2025-05-22 12:23:28.239696,1,143984,PAT_0004433,CON_018,inst_18346,responded
138203,2025-05-24 17:38:31.976401,3,144312,PAT_0001654,CON_008,inst_18335,responded
138287,2025-05-25 20:53:25.174998,3,144402,PAT_0004407,CON_009,inst_18332,responded
138292,2025-05-25 22:55:29.277596,2,144407,PAT_0004431,CON_003,inst_18343,responded
138357,2025-05-26 19:45:06.834222,3,144482,PAT_0002964,CON_011,inst_18398,responded
138791,2025-05-27 19:25:31.608081,1,144922,PAT_0004418,CON_023,inst_18448,responded
139137,2025-05-29 16:13:32.104783,2,145288,PAT_0002209,CON_009,inst_18463,responded
139511,2025-05-30 12:07:35.808659,1,145667,PAT_0004416,CON_004,inst_18468,responded
139960,2025-06-02 03:48:09.218807,1,146133,PAT_0004490,CON_014,inst_18618,responded
140202,2025-06-03 14:19:54.572745,2,146380,PAT_0004426,CON_009,inst_18565,responded
140278,2025-06-04 13:13:14.508333,2,146466,PAT_0000427,CON_019,inst_18551,responded
140641,2025-06-05 18:20:01.937712,2,146835,PAT_0004243,CON_016,inst_18675,responded
140921,2025-06-06 09:52:05.764695,1,147128,PAT_0004494,CON_018,inst_18657,responded
141412,2025-06-10 08:53:38.674704,2,147646,PAT_0002916,CON_017,inst_18589,responded
141616,2025-06-10 19:53:19.176074,2,147853,PAT_0004514,CON_004,inst_18756,responded
141620,2025-06-10 14:00:41.306854,1,147857,PAT_0004517,CON_012,inst_18761,responded
141866,2025-06-11 14:51:50.415283,1,148105,PAT_0004479,CON_001,inst_18750,responded
142122,2025-06-12 11:44:26.270447,2,148368,PAT_0004477,CON_019,inst_18838,responded
142361,2025-06-13 18:10:01.049027,1,148611,PAT_0004487,CON_005,inst_18629,responded
142467,2025-06-15 23:07:35.891660,2,148724,PAT_0002676,CON_022,inst_18939,responded
142469,2025-06-15 11:01:26.505451,3,148726,PAT_0003219,CON_013,inst_18890,responded
142495,2025-06-15 22:22:48.830656,3,148756,PAT_0004505,CON_019,inst_18945,responded
142532,2025-06-16 23:01:58.166673,3,148800,PAT_0000870,CON_016,inst_18861,responded
142876,2025-06-17 20:54:32.304814,1,149155,PAT_0003783,CON_011,inst_18921,responded
143088,2025-06-18 13:17:26.024411,1,149374,PAT_0003239,CON_014,inst_18918,responded
143447,2025-06-19 22:57:08.791793,1,149739,PAT_0004253,CON_003,inst_19036,responded
143689,2025-06-20 13:38:35.834627,4,149989,PAT_0004274,CON_018,inst_19037,responded
143809,2025-06-21 10:13:01.238913,2,150114,PAT_0003901,CON_014,inst_19032,responded
143817,2025-06-21 03:12:26.060825,1,150123,PAT_0004265,CON_022,inst_18942,responded
143882,2025-06-22 21:25:31.334765,2,150191,PAT_0003443,CON_003,inst_19095,responded
144150,2025-06-23 11:49:48.089650,2,150465,PAT_0004580,CON_017,inst_19106,responded
144626,2025-06-25 07:11:52.241885,2,150951,PAT_0004341,CON_017,inst_19116,responded
144764,2025-06-26 18:20:56.111874,3,151096,PAT_0003432,CON_016,inst_19123,responded
145264,2025-06-29 20:19:45.617229,2,151612,PAT_0003619,CON_023,inst_19204,responded
145291,2025-06-29 21:37:18.503369,2,151641,PAT_0004560,CON_008,inst_18989,responded
145554,2025-06-30 07:57:31.693719,1,151907,PAT_0004575,CON_016,inst_19274,responded
145955,2025-07-02 17:26:37.373448,3,152326,PAT_0001980,CON_003,inst_19228,responded
146058,2025-07-02 20:25:58.278560,3,152429,PAT_0004071,CON_019,inst_19284,responded
146702,2025-07-05 23:18:09.146979,1,153088,PAT_0001581,CON_001,inst_19315,responded
146734,2025-07-05 20:33:48.776333,2,153121,PAT_0003928,CON_025,inst_19173,responded
146774,2025-07-06 21:42:13.530016,1,153166,PAT_0000339,CON_006,inst_19165,responded
146777,2025-07-06 17:09:45.789027,2,153169,PAT_0003247,CON_007,inst_19390,responded
146782,2025-07-06 16:24:38.658280,3,153174,PAT_0003565,CON_004,inst_19393,responded
147237,2025-07-08 12:47:19.105720,2,153647,PAT_0004251,CON_022,inst_19476,responded
147297,2025-07-08 13:59:35.744741,1,153708,PAT_0004586,CON_022,inst_19400,responded
147533,2025-07-09 12:19:39.663263,1,153950,PAT_0004572,CON_016,inst_19287,responded
147871,2025-07-11 11:21:02.944771,2,154305,PAT_0001773,CON_023,inst_19487,responded
147946,2025-07-11 17:43:37.352186,1,154380,PAT_0004246,CON_019,inst_19501,responded
148103,2025-07-12 23:46:40.756672,2,154544,PAT_0003776,CON_019,inst_19522,responded
148194,2025-07-13 17:46:21.057904,1,154639,PAT_0004317,CON_007,inst_19524,responded
148210,2025-07-13 21:24:58.177902,2,154655,PAT_0004610,CON_014,inst_19326,responded
148576,2025-07-15 11:33:05.821294,2,155036,PAT_0003312,CON_018,inst_19586,responded
148990,2025-07-16 13:33:12.947332,2,155460,PAT_0004671,CON_014,inst_19676,responded
149075,2025-07-17 17:35:15.057212,3,155548,PAT_0002925,CON_006,inst_19473,responded
149794,2025-07-21 22:47:33.122187,2,156302,PAT_0004644,CON_006,inst_19710,responded
149926,2025-07-22 17:36:06.879854,1,156441,PAT_0003564,CON_005,inst_19775,responded
150141,2025-07-23 16:29:29.248136,1,156662,PAT_0000131,CON_022,inst_19803,responded
150216,2025-07-23 07:25:10.284443,2,156738,PAT_0003888,CON_009,inst_19755,responded
150339,2025-07-23 11:40:03.287324,2,156863,PAT_0004667,CON_003,inst_19854,responded
150640,2025-07-25 06:00:16.411322,1,157172,PAT_0001476,CON_004,inst_19727,responded
150813,2025-07-25 16:06:52.817196,2,157349,PAT_0004654,CON_025,inst_19789,responded
150821,2025-07-25 06:02:13.693654,1,157357,PAT_0004683,CON_009,inst_19761,responded
150826,2025-07-25 15:13:58.817828,1,157362,PAT_0004691,CON_020,inst_19790,responded
150882,2025-07-26 23:44:41.385131,2,157421,PAT_0004329,CON_001,inst_19640,responded
150884,2025-07-26 23:17:11.919493,2,157423,PAT_0004392,CON_024,inst_19527,responded
150917,2025-07-27 21:00:51.735109,1,157461,PAT_0002114,CON_017,inst_19941,responded
150946,2025-07-27 05:30:33.746717,1,157491,PAT_0004348,CON_002,inst_19945,responded
150960,2025-07-27 09:26:54.133047,1,157507,PAT_0004713,CON_005,inst_19916,responded
150997,2025-07-28 13:17:15.272884,1,157549,PAT_0000726,CON_024,inst_19804,responded
151310,2025-07-29 19:41:43.839996,2,157873,PAT_0003788,CON_001,inst_19966,responded
151941,2025-08-01 20:12:29.202768,2,158514,PAT_0001970,CON_016,inst_19940,responded
151971,2025-08-01 22:39:49.784731,1,158544,PAT_0003535,CON_022,inst_20022,responded
152075,2025-08-01 13:48:47.955050,3,158648,PAT_0004469,CON_019,inst_20025,responded
152126,2025-08-01 18:34:24.689757,2,158699,PAT_0004736,CON_001,inst_20036,responded
152209,2025-08-03 06:33:29.795966,1,158787,PAT_0003209,CON_017,inst_20072,responded
152666,2025-08-05 12:13:00.278765,1,159260,PAT_0004303,CON_018,inst_20101,responded
152748,2025-08-05 06:01:51.700129,3,159344,PAT_0004737,CON_017,inst_20082,responded
152908,2025-08-06 20:16:12.237380,1,159512,PAT_0004125,CON_013,inst_19992,responded
152914,2025-08-06 12:16:05.088889,2,159518,PAT_0004180,CON_025,inst_20045,responded
153227,2025-08-07 13:19:23.485267,2,159839,PAT_0004754,CON_006,inst_20152,responded
153395,2025-08-08 22:08:32.618806,2,160012,PAT_0004410,CON_010,inst_19757,responded
153530,2025-08-09 20:07:54.456685,2,160151,PAT_0004766,CON_008,inst_20198,responded
153556,2025-08-10 17:15:23.535398,1,160178,PAT_0004024,CON_008,inst_20244,responded
153561,2025-08-10 20:34:24.008563,2,160183,PAT_0004436,CON_025,inst_20247,responded
153571,2025-08-10 14:02:53.446331,1,160194,PAT_0004773,CON_014,inst_20272,responded
153668,2025-08-11 06:15:50.209306,3,160293,PAT_0003733,CON_024,inst_20211,responded
153703,2025-08-11 22:29:38.092873,1,160328,PAT_0004235,CON_015,inst_20246,responded
153797,2025-08-11 15:50:19.346713,2,160423,PAT_0004759,CON_002,inst_20174,responded
153853,2025-08-12 19:04:51.659966,4,160487,PAT_0001567,CON_017,inst_20241,responded
154018,2025-08-12 16:22:03.994684,1,160652,PAT_0004774,CON_004,inst_20273,responded
154631,2025-08-15 09:08:12.263388,1,161281,PAT_0004783,CON_009,inst_20353,responded
154792,2025-08-18 23:46:34.303421,2,161451,PAT_0003716,CON_021,inst_20348,responded
154926,2025-08-18 20:03:55.003799,2,161585,PAT_0004780,CON_008,inst_20390,responded
155145,2025-08-19 04:30:01.908028,2,161810,PAT_0004753,CON_013,inst_20352,responded
155289,2025-08-20 01:18:11.457746,2,161964,PAT_0004087,CON_024,inst_20417,responded
155818,2025-08-23 16:51:51.579947,2,162504,PAT_0002302,CON_022,inst_20396,responded
155916,2025-08-25 22:32:44.294767,3,162609,PAT_0000605,CON_014,inst_20530,responded
156414,2025-08-27 08:48:46.472434,2,163116,PAT_0002242,CON_016,inst_20531,responded
156427,2025-08-27 22:07:04.776202,2,163129,PAT_0002580,CON_023,inst_20468,responded
156779,2025-08-28 11:24:43.991873,1,163489,PAT_0004827,CON_008,inst_20536,responded
157089,2025-08-30 09:49:32.962899,2,163810,PAT_0003875,CON_022,inst_20386,responded
157149,2025-08-31 13:39:16.363702,2,163873,PAT_0002669,CON_004,inst_20649,responded
157177,2025-08-31 03:41:17.242440,1,163904,PAT_0004844,CON_004,inst_20635,responded
157391,2025-09-01 22:31:31.893815,3,164126,PAT_0004806,CON_007,inst_20574,responded
157410,2025-09-01 06:47:32.620479,2,164145,PAT_0004847,CON_017,inst_20665,responded
158784,2025-09-09 22:09:30.718940,3,165570,PAT_0004590,CON_016,inst_20787,responded
158836,2025-09-09 16:36:49.323622,3,165623,PAT_0004870,CON_019,inst_20816,responded
159138,2025-09-11 14:08:12.572255,2,165935,PAT_0002242,CON_022,inst_20806,responded
159387,2025-09-12 19:23:44.980996,3,166192,PAT_0003524,CON_012,inst_20825,responded
159466,2025-09-12 12:34:52.361841,1,166272,PAT_0004666,CON_008,inst_20813,responded
159572,2025-09-13 23:07:00.664944,1,166383,PAT_0004254,CON_016,inst_20945,responded
159789,2025-09-15 20:42:34.750182,2,166612,PAT_0004384,CON_019,inst_20988,responded
159971,2025-09-16 15:03:47.899437,3,166805,PAT_0001941,CON_010,inst_20984,responded
160556,2025-09-18 04:04:07.353703,4,167407,PAT_0004666,CON_002,inst_21040,responded
160797,2025-09-19 11:04:30.099314,3,167655,PAT_0004694,CON_003,inst_20997,responded
160829,2025-09-19 19:03:12.189668,2,167687,PAT_0004917,CON_001,inst_21072,responded
160900,2025-09-20 21:59:08.904541,2,167761,PAT_0004906,CON_009,inst_21001,responded
160929,2025-09-21 20:12:25.136780,3,167792,PAT_0004668,CON_023,inst_21098,responded
161042,2025-09-22 20:08:29.867038,2,167913,PAT_0003847,CON_021,inst_21126,responded
161079,2025-09-22 11:24:04.738558,2,167950,PAT_0004334,CON_011,inst_21066,responded
161570,2025-09-24 15:48:03.611929,2,168458,PAT_0003885,CON_001,inst_21128,responded
161601,2025-09-24 09:58:03.813319,1,168489,PAT_0004488,CON_013,inst_21144,responded
161665,2025-09-24 08:31:40.657035,2,168554,PAT_0004716,CON_023,inst_21134,responded
162263,2025-09-27 14:09:52.048418,3,169171,PAT_0004939,CON_004,inst_21301,responded
162317,2025-09-28 10:11:52.556527,2,169232,PAT_0003265,CON_017,inst_21266,responded
162523,2025-09-29 13:59:45.569738,2,169446,PAT_0004673,CON_013,inst_21333,responded
162532,2025-09-29 18:24:11.053716,2,169455,PAT_0004712,CON_019,inst_21317,responded
162542,2025-09-29 12:37:31.213618,1,169465,PAT_0004747,CON_003,inst_21156,responded
162595,2025-09-29 15:59:24.669388,3,169519,PAT_0004980,CON_005,inst_21322,responded
163063,2025-10-01 17:38:19.108261,1,169995,PAT_0004977,CON_008,inst_21335,responded
163515,2025-10-04 19:56:40.567633,2,170463,PAT_0004956,CON_007,inst_21402,responded
163544,2025-10-05 06:47:47.869557,1,170494,PAT_0001839,CON_022,inst_21345,responded
163863,2025-10-07 12:34:03.467450,1,170826,PAT_0002118,CON_009,inst_21265,responded
163875,2025-10-07 17:33:12.987162,2,170838,PAT_0002833,CON_014,inst_21415,responded
164012,2025-10-07 10:56:27.469623,2,170976,PAT_0004991,CON_016,inst_21427,responded
164333,2025-10-09 10:48:53.423405,3,171310,PAT_0002441,CON_021,inst_21314,responded
164366,2025-10-09 12:06:58.740258,1,171343,PAT_0003835,CON_014,inst_21519,responded
164681,2025-10-10 11:56:30.022723,2,171660,PAT_0004961,CON_017,inst_21403,responded
164814,2025-10-12 08:17:53.298888,1,171801,PAT_0003288,CON_001,inst_21575,responded
164845,2025-10-12 23:24:53.066513,2,171837,PAT_0005000,CON_013,inst_21498,responded
165034,2025-10-13 14:34:16.289128,1,172035,PAT_0004734,CON_013,inst_21611,responded
165092,2025-10-13 20:37:56.867755,1,172094,PAT_0005015,CON_009,inst_21612,responded
165590,2025-10-15 21:42:55.133550,1,172604,PAT_0004986,CON_003,inst_21586,responded
165674,2025-10-16 17:28:03.495577,2,172692,PAT_0001518,CON_008,inst_21668,responded
165824,2025-10-16 10:40:59.408104,2,172843,PAT_0005021,CON_022,inst_21630,responded
165903,2025-10-17 02:10:46.648632,1,172930,PAT_0001111,CON_019,inst_21632,responded
165934,2025-10-17 22:38:17.547774,1,172961,PAT_0003751,CON_008,inst_21716,responded
166152,2025-10-18 10:08:05.085898,1,173183,PAT_0005004,CON_022,inst_21723,responded
166217,2025-10-19 15:44:06.276745,2,173254,PAT_0005026,CON_020,inst_21662,responded
166287,2025-10-20 22:58:17.373686,1,173333,PAT_0002204,CON_024,inst_21774,responded
166346,2025-10-20 14:04:55.871023,2,173392,PAT_0004135,CON_016,inst_21790,responded
166717,2025-10-21 09:47:58.067457,2,173773,PAT_0004741,CON_008,inst_21720,responded
167190,2025-10-23 08:21:17.911209,4,174265,PAT_0004797,CON_023,inst_21644,responded
167385,2025-10-24 21:32:51.466569,2,174464,PAT_0004722,CON_021,inst_21784,responded
167407,2025-10-24 20:27:41.399192,2,174486,PAT_0004822,CON_003,inst_21722,responded
167429,2025-10-24 12:37:40.060873,3,174508,PAT_0005044,CON_025,inst_21735,responded
167456,2025-10-24 22:31:18.178265,1,174535,PAT_0005078,CON_003,inst_21918,responded
167494,2025-10-25 02:46:28.030916,1,174577,PAT_0004808,CON_002,inst_21926,responded
167509,2025-10-25 17:20:06.479493,2,174592,PAT_0005082,CON_023,inst_21942,responded
167542,2025-10-26 07:43:30.254622,4,174630,PAT_0004720,CON_003,inst_21826,responded
167549,2025-10-26 08:00:25.297117,3,174637,PAT_0005049,CON_019,inst_21794,responded
167678,2025-10-27 15:32:40.865903,2,174776,PAT_0004344,CON_023,inst_21791,responded
167793,2025-10-27 13:51:45.710462,2,174893,PAT_0005079,CON_016,inst_21937,responded
167977,2025-10-28 23:18:21.355231,1,175083,PAT_0004878,CON_007,inst_21866,responded
168694,2025-11-01 20:12:13.700937,2,175823,PAT_0004524,CON_008,inst_22018,responded
168699,2025-11-01 04:28:55.342361,2,175828,PAT_0004841,CON_001,inst_22071,responded
168746,2025-11-02 04:41:59.196789,2,175881,PAT_0005103,CON_019,inst_22075,responded
169055,2025-11-04 22:34:17.959804,2,176198,PAT_0002305,CON_012,inst_22091,responded
169149,2025-11-04 03:59:35.677281,1,176292,PAT_0004822,CON_002,inst_22113,responded
169181,2025-11-04 08:58:54.570410,1,176324,PAT_0005071,CON_008,inst_22125,responded
169184,2025-11-04 10:11:46.942915,2,176327,PAT_0005076,CON_019,inst_22073,responded
169201,2025-11-04 15:32:45.751263,1,176344,PAT_0005110,CON_024,inst_22116,responded
169358,2025-11-05 10:12:59.102561,1,176505,PAT_0004665,CON_004,inst_21961,responded
169833,2025-11-08 10:16:50.901198,2,177001,PAT_0004011,CON_015,inst_22214,responded
169844,2025-11-08 15:38:46.091444,1,177012,PAT_0004579,CON_022,inst_22141,responded
170128,2025-11-10 08:44:11.416546,2,177313,PAT_0005117,CON_018,inst_22257,responded
170329,2025-11-11 18:50:54.052262,1,177517,PAT_0004877,CON_009,inst_22240,responded
170753,2025-11-13 23:54:07.551238,1,177952,PAT_0005119,CON_010,inst_22273,responded
170756,2025-11-13 16:27:04.349615,2,177955,PAT_0005127,CON_017,inst_22193,responded
171019,2025-11-16 16:26:44.065364,3,178229,PAT_0002931,CON_020,inst_22393,responded
171028,2025-11-16 06:38:53.232651,1,178239,PAT_0004345,CON_008,inst_22373,responded
171047,2025-11-16 07:21:35.321891,2,178259,PAT_0005143,CON_012,inst_22262,responded
171124,2025-11-17 19:53:09.523900,1,178342,PAT_0002889,CON_020,inst_22392,responded
171600,2025-11-19 20:45:11.159764,1,178835,PAT_0004623,CON_006,inst_22395,responded
172867,2025-11-26 13:07:13.117518,2,180150,PAT_0004579,CON_015,inst_22552,responded
173767,2025-12-02 17:48:55.835189,3,181085,PAT_0001039,CON_020,inst_22731,responded
173809,2025-12-02 06:52:28.036276,1,181128,PAT_0003846,CON_017,inst_22682,responded
174303,2025-12-04 15:03:53.997090,3,181634,PAT_0005224,CON_021,inst_22707,responded
174364,2025-12-05 14:34:50.943282,2,181703,PAT_0000573,CON_011,inst_22721,responded
174492,2025-12-05 19:21:46.388611,3,181831,PAT_0005209,CON_001,inst_22778,responded
174575,2025-12-06 22:48:40.924205,1,181917,PAT_0002864,CON_001,inst_22821,responded
174585,2025-12-06 20:33:05.340951,3,181927,PAT_0005251,CON_023,inst_22811,responded
174624,2025-12-07 12:57:37.252077,2,181969,PAT_0002622,CON_024,inst_22640,responded
174626,2025-12-07 23:26:13.846237,1,181971,PAT_0004811,CON_007,inst_22676,responded
174717,2025-12-08 11:04:27.593923,1,182067,PAT_0003482,CON_012,inst_22734,responded
174957,2025-12-09 07:01:11.614440,1,182315,PAT_0003928,CON_009,inst_22773,responded
175290,2025-12-10 21:47:22.175852,3,182656,PAT_0005231,CON_001,inst_22854,responded
175637,2025-12-12 15:28:25.777243,2,183019,PAT_0003951,CON_014,inst_22876,responded
175759,2025-12-12 02:49:48.043780,3,183142,PAT_0005263,CON_022,inst_22866,responded
175766,2025-12-12 11:43:12.356889,2,183149,PAT_0005271,CON_003,inst_22959,responded
175820,2025-12-13 18:50:46.688765,2,183205,PAT_0005229,CON_021,inst_22892,responded
175860,2025-12-14 18:18:39.801031,2,183250,PAT_0005276,CON_024,inst_22991,responded
175948,2025-12-15 09:01:19.710537,3,183341,PAT_0003626,CON_006,inst_22984,responded
176048,2025-12-15 16:11:29.606394,2,183441,PAT_0004984,CON_017,inst_23030,responded
176156,2025-12-16 21:33:09.129271,1,183558,PAT_0001934,CON_001,inst_23042,responded
176389,2025-12-17 14:29:21.121216,1,183801,PAT_0001800,CON_004,inst_23041,responded
177066,2025-12-21 15:57:49.242412,1,184501,PAT_0005274,CON_001,inst_23147,responded
177068,2025-12-21 20:46:39.413348,3,184503,PAT_0005277,CON_023,inst_23115,responded
177625,2025-12-24 15:17:55.310365,3,185073,PAT_0005014,CON_001,inst_23170,responded
177655,2025-12-24 12:26:12.919982,1,185103,PAT_0005124,CON_001,inst_23171,responded
177747,2025-12-25 22:55:16.506820,1,185203,PAT_0002119,CON_021,inst_23187,responded
177783,2025-12-25 09:41:55.761925,1,185239,PAT_0004504,CON_021,inst_23168,responded
178113,2025-12-27 21:51:43.320386,1,185577,PAT_0005339,CON_022,inst_23267,responded
